MARY,2.629,2.629
PATRICIA,1.073,3.702
LINDA,1.035,4.736
BARBARA,0.98,5.716
ELIZABETH,0.937,6.653
JENNIFER,0.932,7.586
MARIA,0.828,8.414
SUSAN,0.794,9.209
MARGARET,0.768,9.976
DOROTHY,0.727,10.703
LISA,0.704,11.407
NANCY,0.669,12.075
KAREN,0.667,12.742
BETTY,0.666,13.408
HELEN,0.663,14.071
SANDRA,0.629,14.7
DONNA,0.583,15.282
CAROL,0.565,15.848
RUTH,0.562,16.41
SHARON,0.522,16.932
MICHELLE,0.519,17.451
LAURA,0.51,17.961
SARAH,0.508,18.469
KIMBERLY,0.504,18.973
DEBORAH,0.494,19.467
JESSICA,0.49,19.958
SHIRLEY,0.482,20.439
CYNTHIA,0.469,20.908
ANGELA,0.468,21.376
MELISSA,0.462,21.839
BRENDA,0.455,22.293
AMY,0.451,22.745
ANNA,0.44,23.185
REBECCA,0.43,23.615
VIRGINIA,0.43,24.044
KATHLEEN,0.424,24.468
PAMELA,0.416,24.884
MARTHA,0.412,25.297
DEBRA,0.408,25.704
AMANDA,0.404,26.108
STEPHANIE,0.4,26.508
CAROLYN,0.385,26.893
CHRISTINE,0.382,27.275
MARIE,0.379,27.655
JANET,0.379,28.034
CATHERINE,0.373,28.408
FRANCES,0.37,28.777
ANN,0.364,29.141
JOYCE,0.364,29.505
DIANE,0.359,29.864
ALICE,0.357,30.221
JULIE,0.348,30.568
HEATHER,0.337,30.905
TERESA,0.336,31.241
DORIS,0.335,31.577
GLORIA,0.335,31.912
EVELYN,0.322,32.233
JEAN,0.315,32.548
CHERYL,0.315,32.863
MILDRED,0.313,33.176
KATHERINE,0.313,33.489
JOAN,0.306,33.795
ASHLEY,0.303,34.098
JUDITH,0.297,34.395
ROSE,0.296,34.691
JANICE,0.285,34.975
KELLY,0.283,35.258
NICOLE,0.281,35.539
JUDY,0.276,35.815
CHRISTINA,0.275,36.09
KATHY,0.272,36.362
THERESA,0.271,36.633
BEVERLY,0.267,36.9
DENISE,0.264,37.164
TAMMY,0.259,37.423
IRENE,0.252,37.675
JANE,0.25,37.925
LORI,0.248,38.173
RACHEL,0.242,38.415
MARILYN,0.241,38.657
ANDREA,0.236,38.893
KATHRYN,0.234,39.127
LOUISE,0.229,39.356
SARA,0.229,39.584
ANNE,0.228,39.812
JACQUELINE,0.228,40.04
WANDA,0.226,40.266
BONNIE,0.223,40.489
JULIA,0.223,40.711
RUBY,0.221,40.932
LOIS,0.22,41.153
TINA,0.22,41.372
PHYLLIS,0.219,41.591
NORMA,0.218,41.809
PAULA,0.217,42.026
DIANA,0.216,42.242
ANNIE,0.216,42.458
LILLIAN,0.211,42.669
EMILY,0.208,42.877
ROBIN,0.208,43.085
PEGGY,0.208,43.293
CRYSTAL,0.207,43.5
GLADYS,0.205,43.705
RITA,0.204,43.908
DAWN,0.202,44.111
CONNIE,0.2,44.311
FLORENCE,0.2,44.511
TRACY,0.197,44.708
EDNA,0.197,44.904
TIFFANY,0.195,45.1
CARMEN,0.195,45.295
ROSA,0.194,45.489
CINDY,0.192,45.681
GRACE,0.189,45.869
WENDY,0.185,46.055
VICTORIA,0.18,46.235
EDITH,0.179,46.414
KIM,0.178,46.592
SHERRY,0.178,46.77
SYLVIA,0.177,46.947
JOSEPHINE,0.177,47.123
THELMA,0.175,47.298
SHANNON,0.175,47.473
SHEILA,0.175,47.648
ETHEL,0.174,47.822
ELLEN,0.173,47.995
ELAINE,0.173,48.168
MARJORIE,0.173,48.341
CARRIE,0.171,48.512
CHARLOTTE,0.169,48.68
MONICA,0.166,48.847
ESTHER,0.166,49.013
PAULINE,0.165,49.178
EMMA,0.165,49.342
JUANITA,0.164,49.506
ANITA,0.162,49.669
RHONDA,0.162,49.83
HAZEL,0.161,49.991
AMBER,0.16,50.151
EVA,0.159,50.31
DEBBIE,0.157,50.467
APRIL,0.154,50.621
LESLIE,0.154,50.775
CLARA,0.153,50.928
LUCILLE,0.153,51.081
JAMIE,0.153,51.235
JOANNE,0.15,51.385
ELEANOR,0.15,51.535
VALERIE,0.149,51.684
DANIELLE,0.149,51.833
MEGAN,0.147,51.981
ALICIA,0.146,52.126
SUZANNE,0.145,52.272
MICHELE,0.145,52.417
GAIL,0.145,52.562
BERTHA,0.143,52.704
DARLENE,0.142,52.847
VERONICA,0.142,52.989
JILL,0.142,53.131
ERIN,0.141,53.272
GERALDINE,0.141,53.413
LAUREN,0.137,53.55
CATHY,0.137,53.687
JOANN,0.136,53.823
LORRAINE,0.135,53.958
LYNN,0.135,54.093
SALLY,0.135,54.228
REGINA,0.133,54.36
ERICA,0.13,54.49
BEATRICE,0.13,54.62
DOLORES,0.129,54.749
BERNICE,0.128,54.877
AUDREY,0.127,55.003
YVONNE,0.126,55.129
ANNETTE,0.125,55.255
JUNE,0.125,55.38
SAMANTHA,0.124,55.504
MARION,0.122,55.626
DANA,0.122,55.748
STACY,0.121,55.869
ANA,0.12,55.989
RENEE,0.12,56.109
IDA,0.118,56.227
VIVIAN,0.118,56.346
ROBERTA,0.117,56.463
HOLLY,0.117,56.58
BRITTANY,0.117,56.697
MELANIE,0.116,56.813
LORETTA,0.115,56.928
YOLANDA,0.115,57.043
JEANETTE,0.115,57.158
LAURIE,0.114,57.271
KATIE,0.113,57.385
KRISTEN,0.111,57.496
VANESSA,0.111,57.607
ALMA,0.111,57.718
SUE,0.111,57.829
ELSIE,0.11,57.939
BETH,0.11,58.049
JEANNE,0.109,58.158
VICKI,0.109,58.267
CARLA,0.107,58.374
TARA,0.107,58.482
ROSEMARY,0.107,58.589
EILEEN,0.105,58.694
TERRI,0.105,58.799
GERTRUDE,0.103,58.902
LUCY,0.103,59.005
TONYA,0.102,59.107
ELLA,0.101,59.208
STACEY,0.101,59.308
WILMA,0.099,59.408
GINA,0.099,59.506
KRISTIN,0.099,59.605
JESSIE,0.098,59.703
NATALIE,0.098,59.801
AGNES,0.098,59.899
VERA,0.098,59.997
WILLIE,0.097,60.094
CHARLENE,0.097,60.191
BESSIE,0.096,60.287
DELORES,0.095,60.382
MELINDA,0.094,60.477
PEARL,0.094,60.571
ARLENE,0.094,60.665
MAUREEN,0.092,60.757
COLLEEN,0.092,60.849
ALLISON,0.092,60.941
TAMARA,0.092,61.033
JOY,0.091,61.124
GEORGIA,0.091,61.215
CONSTANCE,0.091,61.305
LILLIE,0.09,61.396
CLAUDIA,0.09,61.485
JACKIE,0.09,61.575
MARCIA,0.09,61.665
TANYA,0.089,61.754
NELLIE,0.089,61.843
MINNIE,0.089,61.931
MARLENE,0.088,62.02
HEIDI,0.088,62.108
GLENDA,0.088,62.195
LYDIA,0.086,62.281
VIOLA,0.086,62.367
COURTNEY,0.086,62.453
MARIAN,0.086,62.539
STELLA,0.085,62.623
CAROLINE,0.085,62.708
DORA,0.084,62.792
JO,0.083,62.875
VICKIE,0.082,62.957
MATTIE,0.081,63.038
TERRY,0.08,63.118
MAXINE,0.079,63.198
IRMA,0.079,63.277
MABEL,0.078,63.355
MARSHA,0.078,63.434
MYRTLE,0.078,63.511
LENA,0.077,63.589
CHRISTY,0.077,63.665
DEANNA,0.076,63.742
PATSY,0.076,63.818
HILDA,0.075,63.893
GWENDOLYN,0.074,63.967
JENNIE,0.073,64.04
NORA,0.073,64.113
MARGIE,0.072,64.185
NINA,0.072,64.257
CASSANDRA,0.072,64.329
LEAH,0.072,64.401
PENNY,0.071,64.472
KAY,0.071,64.543
PRISCILLA,0.071,64.614
NAOMI,0.071,64.684
CAROLE,0.071,64.755
BRANDY,0.07,64.825
OLGA,0.07,64.895
BILLIE,0.069,64.964
DIANNE,0.069,65.033
TRACEY,0.069,65.102
LEONA,0.069,65.171
JENNY,0.068,65.239
FELICIA,0.068,65.307
SONIA,0.068,65.374
MIRIAM,0.066,65.44
VELMA,0.066,65.506
BECKY,0.066,65.572
BOBBIE,0.065,65.637
VIOLET,0.065,65.702
KRISTINA,0.065,65.767
TONI,0.064,65.831
MISTY,0.063,65.894
MAE,0.063,65.957
SHELLY,0.062,66.019
DAISY,0.062,66.081
RAMONA,0.062,66.143
SHERRI,0.062,66.205
ERIKA,0.061,66.267
KATRINA,0.061,66.328
CLAIRE,0.061,66.388
LINDSEY,0.06,66.448
LINDSAY,0.06,66.507
GENEVA,0.059,66.567
GUADALUPE,0.059,66.626
BELINDA,0.059,66.685
MARGARITA,0.059,66.743
SHERYL,0.059,66.802
CORA,0.058,66.86
FAYE,0.058,66.917
ADA,0.057,66.975
NATASHA,0.057,67.032
SABRINA,0.057,67.089
ISABEL,0.057,67.146
MARGUERITE,0.056,67.202
HATTIE,0.056,67.257
HARRIET,0.056,67.313
MOLLY,0.055,67.368
CECILIA,0.055,67.424
KRISTI,0.055,67.479
BRANDI,0.055,67.534
BLANCHE,0.055,67.589
SANDY,0.055,67.644
ROSIE,0.055,67.699
JOANNA,0.055,67.754
IRIS,0.055,67.808
EUNICE,0.054,67.863
ANGIE,0.054,67.917
INEZ,0.053,67.97
LYNDA,0.053,68.023
MADELINE,0.052,68.075
AMELIA,0.052,68.127
ALBERTA,0.052,68.179
GENEVIEVE,0.051,68.23
MONIQUE,0.051,68.282
JODI,0.051,68.333
JANIE,0.051,68.385
MAGGIE,0.051,68.436
KAYLA,0.051,68.487
SONYA,0.051,68.538
JAN,0.051,68.589
LEE,0.051,68.641
KRISTINE,0.051,68.691
CANDACE,0.051,68.742
FANNIE,0.05,68.792
MARYANN,0.05,68.843
OPAL,0.05,68.893
ALISON,0.05,68.943
YVETTE,0.05,68.993
MELODY,0.05,69.043
LUZ,0.049,69.092
SUSIE,0.049,69.142
OLIVIA,0.049,69.191
FLORA,0.049,69.24
SHELLEY,0.049,69.288
KRISTY,0.048,69.337
MAMIE,0.048,69.385
LULA,0.048,69.433
LOLA,0.048,69.482
VERNA,0.048,69.53
BEULAH,0.048,69.577
ANTOINETTE,0.048,69.625
CANDICE,0.046,69.671
JUANA,0.046,69.717
JEANNETTE,0.046,69.763
PAM,0.046,69.809
KELLI,0.046,69.854
HANNAH,0.045,69.899
WHITNEY,0.045,69.944
BRIDGET,0.045,69.989
KARLA,0.044,70.034
CELIA,0.044,70.078
LATOYA,0.043,70.121
PATTY,0.043,70.165
SHELIA,0.043,70.208
GAYLE,0.043,70.251
DELLA,0.043,70.294
VICKY,0.043,70.336
LYNNE,0.043,70.379
SHERI,0.042,70.421
MARIANNE,0.042,70.463
KARA,0.041,70.504
JACQUELYN,0.041,70.544
ERMA,0.041,70.585
BLANCA,0.041,70.626
MYRA,0.04,70.666
LETICIA,0.04,70.706
PAT,0.04,70.746
KRISTA,0.04,70.786
ROXANNE,0.04,70.826
ANGELICA,0.039,70.865
JOHNNIE,0.039,70.905
ROBYN,0.039,70.944
FRANCIS,0.039,70.983
ADRIENNE,0.039,71.022
ROSALIE,0.039,71.061
ALEXANDRA,0.039,71.1
BROOKE,0.039,71.139
BETHANY,0.039,71.177
SADIE,0.039,71.216
BERNADETTE,0.039,71.254
TRACI,0.038,71.293
JODY,0.038,71.331
KENDRA,0.038,71.369
JASMINE,0.038,71.407
NICHOLE,0.038,71.445
RACHAEL,0.038,71.483
CHELSEA,0.038,71.52
MABLE,0.038,71.558
ERNESTINE,0.038,71.596
MURIEL,0.038,71.634
MARCELLA,0.037,71.671
ELENA,0.037,71.708
KRYSTAL,0.037,71.745
ANGELINA,0.037,71.781
NADINE,0.036,71.818
KARI,0.036,71.853
ESTELLE,0.036,71.889
DIANNA,0.036,71.925
PAULETTE,0.036,71.961
LORA,0.036,71.996
MONA,0.035,72.032
DOREEN,0.035,72.067
ROSEMARIE,0.035,72.102
ANGEL,0.035,72.137
DESIREE,0.035,72.172
ANTONIA,0.035,72.207
HOPE,0.034,72.241
GINGER,0.034,72.274
JANIS,0.034,72.308
BETSY,0.034,72.342
CHRISTIE,0.034,72.375
FREDA,0.034,72.409
MERCEDES,0.033,72.442
MEREDITH,0.033,72.475
LYNETTE,0.033,72.508
TERI,0.033,72.541
CRISTINA,0.033,72.573
EULA,0.033,72.606
LEIGH,0.032,72.638
MEGHAN,0.032,72.67
SOPHIA,0.032,72.702
ELOISE,0.032,72.734
ROCHELLE,0.032,72.766
GRETCHEN,0.032,72.798
CECELIA,0.032,72.829
RAQUEL,0.031,72.86
HENRIETTA,0.031,72.891
ALYSSA,0.031,72.922
JANA,0.031,72.953
KELLEY,0.031,72.983
GWEN,0.031,73.014
KERRY,0.031,73.044
JENNA,0.03,73.075
TRICIA,0.03,73.105
LAVERNE,0.03,73.135
OLIVE,0.03,73.165
ALEXIS,0.03,73.195
TASHA,0.03,73.225
SILVIA,0.029,73.254
ELVIRA,0.029,73.284
CASEY,0.029,73.313
DELIA,0.029,73.342
SOPHIE,0.029,73.372
KATE,0.029,73.401
PATTI,0.029,73.43
LORENA,0.029,73.459
KELLIE,0.029,73.488
SONJA,0.029,73.517
LILA,0.029,73.546
LANA,0.029,73.575
DARLA,0.029,73.604
MAY,0.029,73.633
MINDY,0.029,73.661
ESSIE,0.029,73.69
MANDY,0.029,73.719
LORENE,0.028,73.747
ELSA,0.028,73.775
JOSEFINA,0.028,73.804
JEANNIE,0.028,73.832
MIRANDA,0.028,73.86
DIXIE,0.028,73.888
LUCIA,0.028,73.916
MARTA,0.028,73.944
FAITH,0.028,73.972
LELA,0.028,73.999
JOHANNA,0.028,74.027
SHARI,0.028,74.055
CAMILLE,0.028,74.082
TAMI,0.027,74.11
SHAWNA,0.027,74.137
ELISA,0.027,74.164
EBONY,0.027,74.192
MELBA,0.027,74.219
ORA,0.027,74.246
NETTIE,0.027,74.273
TABITHA,0.027,74.3
OLLIE,0.027,74.327
JAIME,0.027,74.354
WINIFRED,0.027,74.381
KRISTIE,0.027,74.408
MARINA,0.027,74.435
ALISHA,0.027,74.462
AIMEE,0.027,74.488
RENA,0.027,74.515
MYRNA,0.026,74.541
MARLA,0.026,74.567
TAMMIE,0.026,74.593
LATASHA,0.026,74.619
BONITA,0.026,74.645
PATRICE,0.026,74.671
RONDA,0.026,74.697
SHERRIE,0.026,74.722
ADDIE,0.026,74.748
FRANCINE,0.025,74.773
DELORIS,0.025,74.799
STACIE,0.025,74.824
ADRIANA,0.025,74.849
CHERI,0.025,74.874
SHELBY,0.025,74.899
ABIGAIL,0.025,74.924
CELESTE,0.025,74.949
JEWEL,0.025,74.974
CARA,0.025,74.999
ADELE,0.025,75.024
REBEKAH,0.025,75.048
LUCINDA,0.025,75.073
DORTHY,0.025,75.097
CHRIS,0.024,75.122
EFFIE,0.024,75.146
TRINA,0.024,75.171
REBA,0.024,75.195
SHAWN,0.024,75.219
SALLIE,0.024,75.244
AURORA,0.024,75.268
LENORA,0.024,75.292
ETTA,0.024,75.317
LOTTIE,0.024,75.341
KERRI,0.024,75.365
TRISHA,0.024,75.389
NIKKI,0.024,75.413
ESTELLA,0.024,75.438
FRANCISCA,0.024,75.461
JOSIE,0.024,75.485
TRACIE,0.024,75.509
MARISSA,0.024,75.533
KARIN,0.024,75.557
BRITTNEY,0.024,75.58
JANELLE,0.024,75.604
LOURDES,0.024,75.628
LAUREL,0.024,75.651
HELENE,0.024,75.675
FERN,0.024,75.698
ELVA,0.024,75.722
CORINNE,0.024,75.745
KELSEY,0.024,75.769
INA,0.023,75.792
BETTIE,0.023,75.816
ELISABETH,0.023,75.839
AIDA,0.023,75.862
CAITLIN,0.023,75.886
INGRID,0.023,75.909
IVA,0.023,75.932
EUGENIA,0.023,75.955
CHRISTA,0.023,75.978
GOLDIE,0.023,76
CASSIE,0.023,76.023
MAUDE,0.023,76.046
JENIFER,0.023,76.068
THERESE,0.022,76.091
FRANKIE,0.022,76.113
DENA,0.022,76.136
LORNA,0.022,76.158
JANETTE,0.022,76.18
LATONYA,0.022,76.202
CANDY,0.022,76.224
MORGAN,0.022,76.247
CONSUELO,0.022,76.269
TAMIKA,0.022,76.291
ROSETTA,0.022,76.313
DEBORA,0.022,76.334
CHERIE,0.022,76.356
POLLY,0.022,76.378
DINA,0.022,76.4
JEWELL,0.021,76.421
FAY,0.021,76.442
JILLIAN,0.021,76.464
DOROTHEA,0.021,76.485
NELL,0.021,76.506
TRUDY,0.021,76.527
ESPERANZA,0.021,76.548
PATRICA,0.021,76.57
KIMBERLEY,0.021,76.591
SHANNA,0.021,76.611
HELENA,0.021,76.632
CAROLINA,0.021,76.653
CLEO,0.021,76.674
STEFANIE,0.021,76.694
ROSARIO,0.02,76.715
OLA,0.02,76.735
JANINE,0.02,76.756
MOLLIE,0.02,76.776
LUPE,0.02,76.796
ALISA,0.02,76.816
LOU,0.02,76.836
MARIBEL,0.02,76.856
SUSANNE,0.02,76.875
BETTE,0.019,76.895
SUSANA,0.019,76.914
ELISE,0.019,76.933
CECILE,0.019,76.953
ISABELLE,0.019,76.972
LESLEY,0.019,76.991
JOCELYN,0.019,77.01
PAIGE,0.019,77.03
JONI,0.019,77.049
RACHELLE,0.019,77.068
LEOLA,0.019,77.087
DAPHNE,0.019,77.106
ALTA,0.019,77.125
ESTER,0.019,77.144
PETRA,0.019,77.162
GRACIELA,0.019,77.181
IMOGENE,0.019,77.2
JOLENE,0.019,77.219
KEISHA,0.019,77.237
LACEY,0.018,77.256
GLENNA,0.018,77.274
GABRIELA,0.018,77.293
KERI,0.018,77.311
URSULA,0.018,77.329
LIZZIE,0.018,77.347
KIRSTEN,0.018,77.366
SHANA,0.018,77.384
ADELINE,0.018,77.402
MAYRA,0.018,77.42
JAYNE,0.018,77.438
JACLYN,0.018,77.456
GRACIE,0.018,77.474
SONDRA,0.018,77.492
CARMELA,0.018,77.509
MARISA,0.018,77.527
ROSALIND,0.018,77.545
CHARITY,0.018,77.563
TONIA,0.018,77.58
BEATRIZ,0.018,77.598
MARISOL,0.018,77.616
CLARICE,0.018,77.633
JEANINE,0.017,77.651
SHEENA,0.017,77.668
ANGELINE,0.017,77.685
FRIEDA,0.017,77.703
LILY,0.017,77.72
ROBBIE,0.017,77.737
SHAUNA,0.017,77.754
MILLIE,0.017,77.771
CLAUDETTE,0.017,77.788
CATHLEEN,0.017,77.805
ANGELIA,0.017,77.822
GABRIELLE,0.017,77.839
AUTUMN,0.017,77.856
KATHARINE,0.017,77.873
SUMMER,0.017,77.89
JODIE,0.017,77.907
STACI,0.017,77.923
LEA,0.017,77.94
CHRISTI,0.017,77.957
JIMMIE,0.017,77.974
JUSTINE,0.017,77.99
ELMA,0.017,78.007
LUELLA,0.017,78.023
MARGRET,0.017,78.04
DOMINIQUE,0.016,78.056
SOCORRO,0.016,78.073
RENE,0.016,78.089
MARTINA,0.016,78.105
MARGO,0.016,78.122
MAVIS,0.016,78.138
CALLIE,0.016,78.154
BOBBI,0.016,78.17
MARITZA,0.016,78.186
LUCILE,0.016,78.202
LEANNE,0.016,78.219
JEANNINE,0.016,78.235
DEANA,0.016,78.251
AILEEN,0.016,78.267
LORIE,0.016,78.282
LADONNA,0.016,78.298
WILLA,0.016,78.314
MANUELA,0.016,78.33
GALE,0.016,78.346
SELMA,0.016,78.361
DOLLY,0.016,78.377
SYBIL,0.016,78.393
ABBY,0.016,78.408
LARA,0.016,78.424
DALE,0.016,78.44
IVY,0.016,78.455
DEE,0.016,78.471
WINNIE,0.016,78.486
MARCY,0.016,78.502
LUISA,0.016,78.517
JERI,0.015,78.533
MAGDALENA,0.015,78.548
OFELIA,0.015,78.563
MEAGAN,0.015,78.579
AUDRA,0.015,78.594
MATILDA,0.015,78.609
LEILA,0.015,78.624
CORNELIA,0.015,78.639
BIANCA,0.015,78.654
SIMONE,0.015,78.669
BETTYE,0.015,78.684
RANDI,0.015,78.699
VIRGIE,0.015,78.713
LATISHA,0.015,78.728
BARBRA,0.015,78.743
GEORGINA,0.015,78.758
ELIZA,0.015,78.772
LEANN,0.015,78.787
BRIDGETTE,0.015,78.801
RHODA,0.014,78.816
HALEY,0.014,78.83
ADELA,0.014,78.845
NOLA,0.014,78.859
BERNADINE,0.014,78.873
FLOSSIE,0.014,78.887
ILA,0.014,78.902
GRETA,0.014,78.916
RUTHIE,0.014,78.93
NELDA,0.014,78.944
MINERVA,0.014,78.958
LILLY,0.014,78.973
TERRIE,0.014,78.987
LETHA,0.014,79.001
HILARY,0.014,79.015
ESTELA,0.014,79.029
VALARIE,0.014,79.043
BRIANNA,0.014,79.057
ROSALYN,0.014,79.071
EARLINE,0.014,79.085
CATALINA,0.014,79.099
AVA,0.014,79.113
MIA,0.014,79.127
CLARISSA,0.014,79.141
LIDIA,0.014,79.155
CORRINE,0.014,79.169
ALEXANDRIA,0.014,79.183
CONCEPCION,0.014,79.196
TIA,0.014,79.21
SHARRON,0.014,79.224
RAE,0.014,79.238
DONA,0.014,79.251
ERICKA,0.014,79.265
JAMI,0.014,79.278
ELNORA,0.014,79.292
CHANDRA,0.014,79.306
LENORE,0.014,79.319
NEVA,0.013,79.333
MARYLOU,0.013,79.346
MELISA,0.013,79.36
TABATHA,0.013,79.373
SERENA,0.013,79.386
AVIS,0.013,79.4
ALLIE,0.013,79.413
SOFIA,0.013,79.426
JEANIE,0.013,79.439
ODESSA,0.013,79.453
NANNIE,0.013,79.466
HARRIETT,0.013,79.479
LORAINE,0.013,79.492
PENELOPE,0.013,79.505
MILAGROS,0.013,79.518
EMILIA,0.013,79.531
BENITA,0.013,79.544
ALLYSON,0.013,79.557
ASHLEE,0.013,79.57
TANIA,0.013,79.583
TOMMIE,0.013,79.596
ESMERALDA,0.013,79.608
KARINA,0.013,79.621
EVE,0.013,79.634
PEARLIE,0.013,79.647
ZELMA,0.013,79.659
MALINDA,0.013,79.672
NOREEN,0.013,79.684
TAMEKA,0.013,79.697
SAUNDRA,0.013,79.71
HILLARY,0.013,79.722
AMIE,0.013,79.735
ALTHEA,0.012,79.747
ROSALINDA,0.012,79.76
JORDAN,0.012,79.772
LILIA,0.012,79.784
ALANA,0.012,79.797
GAY,0.012,79.809
CLARE,0.012,79.821
ALEJANDRA,0.012,79.834
ELINOR,0.012,79.846
MICHAEL,0.012,79.858
LORRIE,0.012,79.87
JERRI,0.012,79.882
DARCY,0.012,79.895
EARNESTINE,0.012,79.907
CARMELLA,0.012,79.919
TAYLOR,0.012,79.931
NOEMI,0.012,79.943
MARCIE,0.012,79.954
LIZA,0.012,79.966
ANNABELLE,0.012,79.978
LOUISA,0.012,79.99
EARLENE,0.012,80.002
MALLORY,0.012,80.014
CARLENE,0.012,80.025
NITA,0.012,80.037
SELENA,0.012,80.049
TANISHA,0.012,80.06
KATY,0.012,80.072
JULIANNE,0.012,80.083
JOHN,0.012,80.095
LAKISHA,0.011,80.106
EDWINA,0.011,80.118
MARICELA,0.011,80.129
MARGERY,0.011,80.141
KENYA,0.011,80.152
DOLLIE,0.011,80.164
ROXIE,0.011,80.175
ROSLYN,0.011,80.187
KATHRINE,0.011,80.198
NANETTE,0.011,80.209
CHARMAINE,0.011,80.221
LAVONNE,0.011,80.232
ILENE,0.011,80.243
KRIS,0.011,80.255
TAMMI,0.011,80.266
SUZETTE,0.011,80.277
CORINE,0.011,80.288
KAYE,0.011,80.3
JERRY,0.011,80.311
MERLE,0.011,80.322
CHRYSTAL,0.011,80.333
LINA,0.011,80.344
DEANNE,0.011,80.355
LILIAN,0.011,80.366
JULIANA,0.011,80.377
ALINE,0.011,80.388
LUANN,0.011,80.399
KASEY,0.011,80.41
MARYANNE,0.011,80.421
EVANGELINE,0.011,80.432
COLETTE,0.011,80.443
MELVA,0.011,80.453
LAWANDA,0.011,80.464
YESENIA,0.011,80.475
NADIA,0.011,80.486
MADGE,0.011,80.497
KATHIE,0.011,80.507
EDDIE,0.011,80.518
OPHELIA,0.011,80.529
VALERIA,0.011,80.539
NONA,0.011,80.55
MITZI,0.011,80.561
MARI,0.011,80.571
GEORGETTE,0.011,80.582
CLAUDINE,0.011,80.592
FRAN,0.011,80.603
ALISSA,0.011,80.613
ROSEANN,0.01,80.624
LAKEISHA,0.01,80.634
SUSANNA,0.01,80.645
REVA,0.01,80.655
DEIDRE,0.01,80.665
CHASITY,0.01,80.676
SHEREE,0.01,80.686
CARLY,0.01,80.697
JAMES,0.01,80.707
ELVIA,0.01,80.717
ALYCE,0.01,80.728
DEIRDRE,0.01,80.738
GENA,0.01,80.748
BRIANA,0.01,80.758
ARACELI,0.01,80.769
KATELYN,0.01,80.779
ROSANNE,0.01,80.789
WENDI,0.01,80.799
TESSA,0.01,80.81
BERTA,0.01,80.82
MARVA,0.01,80.83
IMELDA,0.01,80.84
MARIETTA,0.01,80.85
MARCI,0.01,80.86
LEONOR,0.01,80.87
ARLINE,0.01,80.88
SASHA,0.01,80.89
MADELYN,0.01,80.9
JANNA,0.01,80.91
JULIETTE,0.01,80.92
DEENA,0.01,80.929
AURELIA,0.01,80.939
JOSEFA,0.01,80.949
AUGUSTA,0.01,80.959
LILIANA,0.01,80.968
YOUNG,0.01,80.978
CHRISTIAN,0.01,80.988
LESSIE,0.01,80.997
AMALIA,0.01,81.007
SAVANNAH,0.01,81.017
ANASTASIA,0.01,81.026
VILMA,0.01,81.036
NATALIA,0.01,81.045
ROSELLA,0.01,81.055
LYNNETTE,0.01,81.064
CORINA,0.01,81.074
ALFREDA,0.009,81.083
LEANNA,0.009,81.093
CAREY,0.009,81.102
AMPARO,0.009,81.112
COLEEN,0.009,81.121
TAMRA,0.009,81.131
AISHA,0.009,81.14
WILDA,0.009,81.149
KARYN,0.009,81.159
CHERRY,0.009,81.168
QUEEN,0.009,81.177
MAURA,0.009,81.187
MAI,0.009,81.196
EVANGELINA,0.009,81.205
ROSANNA,0.009,81.214
HALLIE,0.009,81.224
ERNA,0.009,81.233
ENID,0.009,81.242
MARIANA,0.009,81.251
LACY,0.009,81.26
JULIET,0.009,81.27
JACKLYN,0.009,81.279
FREIDA,0.009,81.288
MADELEINE,0.009,81.297
MARA,0.009,81.306
HESTER,0.009,81.315
CATHRYN,0.009,81.324
LELIA,0.009,81.333
CASANDRA,0.009,81.343
BRIDGETT,0.009,81.352
ANGELITA,0.009,81.361
JANNIE,0.009,81.37
DIONNE,0.009,81.379
ANNMARIE,0.009,81.388
KATINA,0.009,81.397
BERYL,0.009,81.405
PHOEBE,0.009,81.414
MILLICENT,0.009,81.423
KATHERYN,0.009,81.432
DIANN,0.009,81.441
CARISSA,0.009,81.45
MARYELLEN,0.009,81.459
LIZ,0.009,81.468
LAURI,0.009,81.476
HELGA,0.009,81.485
GILDA,0.009,81.494
ADRIAN,0.009,81.503
RHEA,0.009,81.511
MARQUITA,0.009,81.52
HOLLIE,0.009,81.529
TISHA,0.009,81.538
TAMERA,0.009,81.546
ANGELIQUE,0.009,81.555
FRANCESCA,0.009,81.564
BRITNEY,0.009,81.573
KAITLIN,0.009,81.581
LOLITA,0.009,81.59
FLORINE,0.009,81.599
ROWENA,0.009,81.607
REYNA,0.009,81.616
TWILA,0.009,81.624
FANNY,0.009,81.633
JANELL,0.009,81.641
INES,0.009,81.65
CONCETTA,0.009,81.658
BERTIE,0.009,81.667
ALBA,0.009,81.676
BRIGITTE,0.009,81.684
ALYSON,0.009,81.693
VONDA,0.008,81.701
PANSY,0.008,81.71
ELBA,0.008,81.718
NOELLE,0.008,81.726
LETITIA,0.008,81.735
KITTY,0.008,81.743
DEANN,0.008,81.752
BRANDIE,0.008,81.76
LOUELLA,0.008,81.769
LETA,0.008,81.777
FELECIA,0.008,81.786
SHARLENE,0.008,81.794
LESA,0.008,81.802
BEVERLEY,0.008,81.811
ROBERT,0.008,81.819
ISABELLA,0.008,81.827
HERMINIA,0.008,81.836
TERRA,0.008,81.844
CELINA,0.008,81.852
TORI,0.008,81.861
OCTAVIA,0.008,81.869
JADE,0.008,81.877
DENICE,0.008,81.885
GERMAINE,0.008,81.894
SIERRA,0.008,81.902
MICHELL,0.008,81.91
CORTNEY,0.008,81.918
NELLY,0.008,81.926
DORETHA,0.008,81.934
SYDNEY,0.008,81.943
DEIDRA,0.008,81.951
MONIKA,0.008,81.959
LASHONDA,0.008,81.967
JUDI,0.008,81.975
CHELSEY,0.008,81.983
ANTIONETTE,0.008,81.991
MARGOT,0.008,81.999
BOBBY,0.008,82.007
ADELAIDE,0.008,82.015
NAN,0.008,82.023
LEEANN,0.008,82.03
ELISHA,0.008,82.038
DESSIE,0.008,82.046
LIBBY,0.008,82.054
KATHI,0.008,82.062
GAYLA,0.008,82.07
LATANYA,0.008,82.078
MINA,0.008,82.086
MELLISA,0.008,82.093
KIMBERLEE,0.008,82.101
JASMIN,0.008,82.109
RENAE,0.008,82.117
ZELDA,0.008,82.125
ELDA,0.008,82.132
MA,0.008,82.14
JUSTINA,0.008,82.148
GUSSIE,0.008,82.156
EMILIE,0.008,82.163
CAMILLA,0.008,82.171
ABBIE,0.008,82.179
ROCIO,0.008,82.186
KAITLYN,0.008,82.194
JESSE,0.008,82.202
EDYTHE,0.008,82.209
ASHLEIGH,0.008,82.217
SELINA,0.008,82.225
LAKESHA,0.008,82.232
GERI,0.008,82.24
ALLENE,0.008,82.248
PAMALA,0.008,82.255
MICHAELA,0.008,82.263
DAYNA,0.008,82.27
CARYN,0.008,82.278
ROSALIA,0.008,82.286
SUN,0.007,82.293
JACQULINE,0.007,82.301
REBECA,0.007,82.308
MARYBETH,0.007,82.315
KRYSTLE,0.007,82.323
IOLA,0.007,82.33
DOTTIE,0.007,82.338
BENNIE,0.007,82.345
BELLE,0.007,82.353
AUBREY,0.007,82.36
GRISELDA,0.007,82.367
ERNESTINA,0.007,82.375
ELIDA,0.007,82.382
ADRIANNE,0.007,82.39
DEMETRIA,0.007,82.397
DELMA,0.007,82.404
CHONG,0.007,82.412
JAQUELINE,0.007,82.419
DESTINY,0.007,82.427
ARLEEN,0.007,82.434
VIRGINA,0.007,82.441
RETHA,0.007,82.448
FATIMA,0.007,82.456
TILLIE,0.007,82.463
ELEANORE,0.007,82.47
CARI,0.007,82.478
TREVA,0.007,82.485
BIRDIE,0.007,82.492
WILHELMINA,0.007,82.499
ROSALEE,0.007,82.506
MAURINE,0.007,82.514
LATRICE,0.007,82.521
YONG,0.007,82.528
JENA,0.007,82.535
TARYN,0.007,82.542
ELIA,0.007,82.549
DEBBY,0.007,82.556
MAUDIE,0.007,82.564
JEANNA,0.007,82.571
DELILAH,0.007,82.578
CATRINA,0.007,82.585
SHONDA,0.007,82.592
HORTENCIA,0.007,82.599
THEODORA,0.007,82.606
TERESITA,0.007,82.613
ROBBIN,0.007,82.62
DANETTE,0.007,82.627
MARYJANE,0.007,82.634
FREDDIE,0.007,82.641
DELPHINE,0.007,82.648
BRIANNE,0.007,82.655
NILDA,0.007,82.662
DANNA,0.007,82.669
CINDI,0.007,82.676
BESS,0.007,82.683
IONA,0.007,82.69
HANNA,0.007,82.697
ARIEL,0.007,82.704
WINONA,0.007,82.711
VIDA,0.007,82.718
ROSITA,0.007,82.725
MARIANNA,0.007,82.731
WILLIAM,0.007,82.738
RACHEAL,0.007,82.745
GUILLERMINA,0.007,82.752
ELOISA,0.007,82.759
CELESTINE,0.007,82.766
CAREN,0.007,82.773
MALISSA,0.007,82.78
LONA,0.007,82.786
CHANTEL,0.007,82.793
SHELLIE,0.007,82.8
MARISELA,0.007,82.807
LEORA,0.007,82.814
AGATHA,0.007,82.82
SOLEDAD,0.007,82.827
MIGDALIA,0.007,82.834
IVETTE,0.007,82.84
CHRISTEN,0.007,82.847
ATHENA,0.007,82.854
JANEL,0.007,82.861
CHLOE,0.007,82.867
VEDA,0.007,82.874
PATTIE,0.007,82.881
TESSIE,0.007,82.887
TERA,0.007,82.894
MARILYNN,0.007,82.901
LUCRETIA,0.007,82.907
KARRIE,0.007,82.914
DINAH,0.007,82.92
DANIELA,0.007,82.927
ALECIA,0.007,82.934
ADELINA,0.007,82.94
VERNICE,0.007,82.947
SHIELA,0.007,82.953
PORTIA,0.007,82.96
MERRY,0.007,82.967
LASHAWN,0.007,82.973
DEVON,0.007,82.98
DARA,0.007,82.986
TAWANA,0.007,82.993
OMA,0.007,82.999
VERDA,0.007,83.006
CHRISTIN,0.007,83.012
ALENE,0.007,83.019
ZELLA,0.006,83.025
SANDI,0.006,83.032
RAFAELA,0.006,83.038
MAYA,0.006,83.045
KIRA,0.006,83.051
CANDIDA,0.006,83.058
ALVINA,0.006,83.064
SUZAN,0.006,83.071
SHAYLA,0.006,83.077
LYN,0.006,83.083
LETTIE,0.006,83.09
ALVA,0.006,83.096
SAMATHA,0.006,83.103
ORALIA,0.006,83.109
MATILDE,0.006,83.115
MADONNA,0.006,83.122
LARISSA,0.006,83.128
VESTA,0.006,83.134
RENITA,0.006,83.141
INDIA,0.006,83.147
DELOIS,0.006,83.153
SHANDA,0.006,83.159
PHILLIS,0.006,83.166
LORRI,0.006,83.172
ERLINDA,0.006,83.178
CRUZ,0.006,83.185
CATHRINE,0.006,83.191
BARB,0.006,83.197
ZOE,0.006,83.203
ISABELL,0.006,83.21
IONE,0.006,83.216
GISELA,0.006,83.222
CHARLIE,0.006,83.228
VALENCIA,0.006,83.235
ROXANNA,0.006,83.241
MAYME,0.006,83.247
KISHA,0.006,83.253
ELLIE,0.006,83.259
MELLISSA,0.006,83.266
DORRIS,0.006,83.272
DALIA,0.006,83.278
BELLA,0.006,83.284
ANNETTA,0.006,83.29
ZOILA,0.006,83.296
RETA,0.006,83.302
REINA,0.006,83.308
LAURETTA,0.006,83.315
KYLIE,0.006,83.321
CHRISTAL,0.006,83.327
PILAR,0.006,83.333
CHARLA,0.006,83.339
ELISSA,0.006,83.345
TIFFANI,0.006,83.351
TANA,0.006,83.357
PAULINA,0.006,83.363
LEOTA,0.006,83.369
BREANNA,0.006,83.375
JAYME,0.006,83.381
CARMEL,0.006,83.387
VERNELL,0.006,83.393
TOMASA,0.006,83.399
MANDI,0.006,83.405
DOMINGA,0.006,83.411
SANTA,0.006,83.417
MELODIE,0.006,83.423
LURA,0.006,83.429
ALEXA,0.006,83.435
TAMELA,0.006,83.441
RYAN,0.006,83.447
MIRNA,0.006,83.453
KERRIE,0.006,83.458
VENUS,0.006,83.464
NOEL,0.006,83.47
FELICITA,0.006,83.476
CRISTY,0.006,83.482
CARMELITA,0.006,83.488
BERNIECE,0.006,83.494
ANNEMARIE,0.006,83.5
TIARA,0.006,83.505
ROSEANNE,0.006,83.511
MISSY,0.006,83.517
CORI,0.006,83.523
ROXANA,0.006,83.529
PRICILLA,0.006,83.535
KRISTAL,0.006,83.54
JUNG,0.006,83.546
ELYSE,0.006,83.552
HAYDEE,0.006,83.558
ALETHA,0.006,83.564
BETTINA,0.006,83.569
MARGE,0.006,83.575
GILLIAN,0.006,83.581
FILOMENA,0.006,83.586
CHARLES,0.006,83.592
ZENAIDA,0.006,83.598
HARRIETTE,0.006,83.603
CARIDAD,0.006,83.609
VADA,0.006,83.615
UNA,0.006,83.62
ARETHA,0.006,83.626
PEARLINE,0.006,83.632
MARJORY,0.006,83.637
MARCELA,0.006,83.643
FLOR,0.006,83.648
EVETTE,0.006,83.654
ELOUISE,0.006,83.659
ALINA,0.006,83.665
TRINIDAD,0.006,83.671
DAVID,0.006,83.676
DAMARIS,0.006,83.682
CATHARINE,0.006,83.687
CARROLL,0.006,83.693
BELVA,0.006,83.698
NAKIA,0.005,83.704
MARLENA,0.005,83.709
LUANNE,0.005,83.715
LORINE,0.005,83.72
KARON,0.005,83.726
DORENE,0.005,83.731
DANITA,0.005,83.737
BRENNA,0.005,83.742
TATIANA,0.005,83.748
SAMMIE,0.005,83.753
LOUANN,0.005,83.759
LOREN,0.005,83.764
JULIANNA,0.005,83.77
ANDRIA,0.005,83.775
PHILOMENA,0.005,83.78
LUCILA,0.005,83.786
LEONORA,0.005,83.791
DOVIE,0.005,83.797
ROMONA,0.005,83.802
MIMI,0.005,83.808
JACQUELIN,0.005,83.813
GAYE,0.005,83.818
TONJA,0.005,83.824
MISTI,0.005,83.829
JOE,0.005,83.835
GENE,0.005,83.84
CHASTITY,0.005,83.845
STACIA,0.005,83.851
ROXANN,0.005,83.856
MICAELA,0.005,83.861
NIKITA,0.005,83.867
MEI,0.005,83.872
VELDA,0.005,83.877
MARLYS,0.005,83.882
JOHNNA,0.005,83.888
AURA,0.005,83.893
LAVERN,0.005,83.898
IVONNE,0.005,83.903
HAYLEY,0.005,83.909
NICKI,0.005,83.914
MAJORIE,0.005,83.919
HERLINDA,0.005,83.924
GEORGE,0.005,83.93
ALPHA,0.005,83.935
YADIRA,0.005,83.94
PERLA,0.005,83.945
GREGORIA,0.005,83.95
DANIEL,0.005,83.955
ANTONETTE,0.005,83.961
SHELLI,0.005,83.966
MOZELLE,0.005,83.971
MARIAH,0.005,83.976
JOELLE,0.005,83.981
CORDELIA,0.005,83.986
JOSETTE,0.005,83.992
CHIQUITA,0.005,83.997
TRISTA,0.005,84.002
LOUIS,0.005,84.007
LAQUITA,0.005,84.012
GEORGIANA,0.005,84.017
CANDI,0.005,84.022
SHANON,0.005,84.027
LONNIE,0.005,84.032
HILDEGARD,0.005,84.037
CECIL,0.005,84.042
VALENTINA,0.005,84.047
STEPHANY,0.005,84.052
MAGDA,0.005,84.057
KAROL,0.005,84.062
GERRY,0.005,84.067
GABRIELLA,0.005,84.072
TIANA,0.005,84.077
ROMA,0.005,84.082
RICHELLE,0.005,84.087
RAY,0.005,84.092
PRINCESS,0.005,84.097
OLETA,0.005,84.102
JACQUE,0.005,84.107
IDELLA,0.005,84.112
ALAINA,0.005,84.117
SUZANNA,0.005,84.122
JOVITA,0.005,84.127
BLAIR,0.005,84.132
TOSHA,0.005,84.137
RAVEN,0.005,84.142
NEREIDA,0.005,84.147
MARLYN,0.005,84.152
KYLA,0.005,84.157
JOSEPH,0.005,84.162
DELFINA,0.005,84.167
TENA,0.005,84.172
STEPHENIE,0.005,84.177
SABINA,0.005,84.182
NATHALIE,0.005,84.186
MARCELLE,0.005,84.191
GERTIE,0.005,84.196
DARLEEN,0.005,84.201
THEA,0.005,84.206
SHARONDA,0.005,84.211
SHANTEL,0.005,84.216
BELEN,0.005,84.221
VENESSA,0.005,84.225
ROSALINA,0.005,84.23
ONA,0.005,84.235
GENOVEVA,0.005,84.24
COREY,0.005,84.245
CLEMENTINE,0.005,84.25
ROSALBA,0.005,84.254
RENATE,0.005,84.259
RENATA,0.005,84.264
MI,0.005,84.269
IVORY,0.005,84.274
GEORGIANNA,0.005,84.278
FLOY,0.005,84.283
DORCAS,0.005,84.288
ARIANA,0.005,84.293
TYRA,0.005,84.298
THEDA,0.005,84.302
MARIAM,0.005,84.307
JULI,0.005,84.312
JESICA,0.005,84.317
DONNIE,0.005,84.321
VIKKI,0.005,84.326
VERLA,0.005,84.331
ROSELYN,0.005,84.336
MELVINA,0.005,84.34
JANNETTE,0.005,84.345
GINNY,0.005,84.35
DEBRAH,0.005,84.355
CORRIE,0.005,84.359
ASIA,0.005,84.364
VIOLETA,0.005,84.369
MYRTIS,0.005,84.374
LATRICIA,0.005,84.378
COLLETTE,0.005,84.383
CHARLEEN,0.005,84.388
ANISSA,0.005,84.392
VIVIANA,0.005,84.397
TWYLA,0.005,84.402
PRECIOUS,0.005,84.406
NEDRA,0.005,84.411
LATONIA,0.005,84.416
LAN,0.005,84.42
HELLEN,0.005,84.425
FABIOLA,0.005,84.43
ANNAMARIE,0.005,84.435
ADELL,0.005,84.439
SHARYN,0.005,84.444
CHANTAL,0.005,84.448
NIKI,0.005,84.453
MAUD,0.005,84.458
LIZETTE,0.005,84.462
LINDY,0.005,84.467
KIA,0.005,84.472
KESHA,0.005,84.476
JEANA,0.005,84.481
DANELLE,0.005,84.485
CHARLINE,0.005,84.49
CHANEL,0.005,84.495
CARROL,0.005,84.499
VALORIE,0.005,84.504
LIA,0.005,84.508
DORTHA,0.005,84.513
CRISTAL,0.005,84.518
SUNNY,0.005,84.522
LEONE,0.005,84.527
LEILANI,0.005,84.531
GERRI,0.005,84.536
DEBI,0.005,84.54
ANDRA,0.005,84.545
KESHIA,0.005,84.549
IMA,0.005,84.554
EULALIA,0.005,84.558
EASTER,0.005,84.563
DULCE,0.005,84.568
NATIVIDAD,0.004,84.572
LINNIE,0.004,84.577
KAMI,0.004,84.581
GEORGIE,0.004,84.586
CATINA,0.004,84.59
BROOK,0.004,84.594
ALDA,0.004,84.599
WINNIFRED,0.004,84.603
SHARLA,0.004,84.608
RUTHANN,0.004,84.612
MEAGHAN,0.004,84.617
MAGDALENE,0.004,84.621
LISSETTE,0.004,84.626
ADELAIDA,0.004,84.63
VENITA,0.004,84.635
TRENA,0.004,84.639
SHIRLENE,0.004,84.643
SHAMEKA,0.004,84.648
ELIZEBETH,0.004,84.652
DIAN,0.004,84.657
SHANTA,0.004,84.661
MICKEY,0.004,84.666
LATOSHA,0.004,84.67
CARLOTTA,0.004,84.674
WINDY,0.004,84.679
SOON,0.004,84.683
ROSINA,0.004,84.687
MARIANN,0.004,84.692
LEISA,0.004,84.696
JONNIE,0.004,84.701
DAWNA,0.004,84.705
CATHIE,0.004,84.709
BILLY,0.004,84.714
ASTRID,0.004,84.718
SIDNEY,0.004,84.722
LAUREEN,0.004,84.726
JANEEN,0.004,84.731
HOLLI,0.004,84.735
FAWN,0.004,84.739
VICKEY,0.004,84.744
TERESSA,0.004,84.748
SHANTE,0.004,84.752
RUBYE,0.004,84.756
MARCELINA,0.004,84.761
CHANDA,0.004,84.765
CARY,0.004,84.769
TERESE,0.004,84.774
SCARLETT,0.004,84.778
MARTY,0.004,84.782
MARNIE,0.004,84.786
LULU,0.004,84.79
LISETTE,0.004,84.795
JENIFFER,0.004,84.799
ELENOR,0.004,84.803
DORINDA,0.004,84.807
DONITA,0.004,84.812
CARMAN,0.004,84.816
BERNITA,0.004,84.82
ALTAGRACIA,0.004,84.824
ALETA,0.004,84.829
ADRIANNA,0.004,84.833
ZORAIDA,0.004,84.837
RONNIE,0.004,84.841
NICOLA,0.004,84.845
LYNDSEY,0.004,84.85
KENDALL,0.004,84.854
JANINA,0.004,84.858
CHRISSY,0.004,84.862
AMI,0.004,84.867
STARLA,0.004,84.871
PHYLIS,0.004,84.875
PHUONG,0.004,84.879
KYRA,0.004,84.883
CHARISSE,0.004,84.887
BLANCH,0.004,84.892
SANJUANITA,0.004,84.896
RONA,0.004,84.9
NANCI,0.004,84.904
MARILEE,0.004,84.908
MARANDA,0.004,84.912
CORY,0.004,84.916
BRIGETTE,0.004,84.921
SANJUANA,0.004,84.925
MARITA,0.004,84.929
KASSANDRA,0.004,84.933
JOYCELYN,0.004,84.937
IRA,0.004,84.941
FELIPA,0.004,84.945
CHELSIE,0.004,84.949
BONNY,0.004,84.954
MIREYA,0.004,84.958
LORENZA,0.004,84.962
KYONG,0.004,84.966
ILEANA,0.004,84.97
CANDELARIA,0.004,84.974
TONY,0.004,84.978
TOBY,0.004,84.982
SHERIE,0.004,84.986
OK,0.004,84.99
MARK,0.004,84.994
LUCIE,0.004,84.998
LEATRICE,0.004,85.002
LAKESHIA,0.004,85.006
GERDA,0.004,85.01
EDIE,0.004,85.014
BAMBI,0.004,85.018
MARYLIN,0.004,85.023
LAVON,0.004,85.027
HORTENSE,0.004,85.031
GARNET,0.004,85.035
EVIE,0.004,85.039
TRESSA,0.004,85.043
SHAYNA,0.004,85.047
LAVINA,0.004,85.051
KYUNG,0.004,85.055
JEANETTA,0.004,85.059
SHERRILL,0.004,85.062
SHARA,0.004,85.066
PHYLISS,0.004,85.07
MITTIE,0.004,85.074
ANABEL,0.004,85.078
ALESIA,0.004,85.082
THUY,0.004,85.086
TAWANDA,0.004,85.09
RICHARD,0.004,85.094
JOANIE,0.004,85.098
TIFFANIE,0.004,85.102
LASHANDA,0.004,85.106
KARISSA,0.004,85.11
ENRIQUETA,0.004,85.114
DARIA,0.004,85.117
DANIELLA,0.004,85.121
CORINNA,0.004,85.125
ALANNA,0.004,85.129
ABBEY,0.004,85.133
ROXANE,0.004,85.137
ROSEANNA,0.004,85.141
MAGNOLIA,0.004,85.145
LIDA,0.004,85.148
KYLE,0.004,85.152
JOELLEN,0.004,85.156
ERA,0.004,85.16
CORAL,0.004,85.164
CARLEEN,0.004,85.168
TRESA,0.004,85.172
PEGGIE,0.004,85.175
NOVELLA,0.004,85.179
NILA,0.004,85.183
MAYBELLE,0.004,85.187
JENELLE,0.004,85.191
CARINA,0.004,85.195
NOVA,0.004,85.198
MELINA,0.004,85.202
MARQUERITE,0.004,85.206
MARGARETTE,0.004,85.21
JOSEPHINA,0.004,85.214
EVONNE,0.004,85.217
DEVIN,0.004,85.221
CINTHIA,0.004,85.225
ALBINA,0.004,85.229
TOYA,0.004,85.233
TAWNYA,0.004,85.236
SHERITA,0.004,85.24
SANTOS,0.004,85.244
MYRIAM,0.004,85.248
LIZABETH,0.004,85.251
LISE,0.004,85.255
KEELY,0.004,85.259
JENNI,0.004,85.263
GISELLE,0.004,85.266
CHERYLE,0.004,85.27
ARDITH,0.004,85.274
ARDIS,0.004,85.278
ALESHA,0.004,85.282
ADRIANE,0.004,85.285
SHAINA,0.004,85.289
LINNEA,0.004,85.293
KAROLYN,0.004,85.297
HONG,0.004,85.3
FLORIDA,0.004,85.304
FELISHA,0.004,85.308
DORI,0.004,85.311
DARCI,0.004,85.315
ARTIE,0.004,85.319
ARMIDA,0.004,85.323
ZOLA,0.004,85.326
XIOMARA,0.004,85.33
VERGIE,0.004,85.334
SHAMIKA,0.004,85.338
NENA,0.004,85.341
NANNETTE,0.004,85.345
MAXIE,0.004,85.349
LOVIE,0.004,85.352
JEANE,0.004,85.356
JAIMIE,0.004,85.36
INGE,0.004,85.363
FARRAH,0.004,85.367
ELAINA,0.004,85.371
CAITLYN,0.004,85.375
STARR,0.004,85.378
FELICITAS,0.004,85.382
CHERLY,0.004,85.386
CARYL,0.004,85.389
YOLONDA,0.004,85.393
YASMIN,0.004,85.397
TEENA,0.004,85.4
PRUDENCE,0.004,85.404
PENNIE,0.004,85.407
NYDIA,0.004,85.411
MACKENZIE,0.004,85.415
ORPHA,0.004,85.418
MARVEL,0.004,85.422
LIZBETH,0.004,85.426
LAURETTE,0.004,85.429
JERRIE,0.004,85.433
HERMELINDA,0.004,85.436
CAROLEE,0.004,85.44
TIERRA,0.004,85.444
MIRIAN,0.004,85.447
META,0.004,85.451
MELONY,0.004,85.454
KORI,0.004,85.458
JENNETTE,0.004,85.462
JAMILA,0.004,85.465
ENA,0.004,85.469
ANH,0.004,85.472
YOSHIKO,0.004,85.476
SUSANNAH,0.004,85.479
SALINA,0.004,85.483
RHIANNON,0.004,85.486
JOLEEN,0.004,85.49
CRISTINE,0.004,85.494
ASHTON,0.004,85.497
ARACELY,0.004,85.501
TOMEKA,0.004,85.504
SHALONDA,0.004,85.508
MARTI,0.004,85.511
LACIE,0.004,85.515
KALA,0.004,85.518
JADA,0.004,85.522
ILSE,0.004,85.525
HAILEY,0.004,85.529
BRITTANI,0.004,85.532
ZONA,0.003,85.536
SYBLE,0.003,85.539
SHERRYL,0.003,85.543
RANDY,0.003,85.546
NIDIA,0.003,85.55
MARLO,0.003,85.553
KANDICE,0.003,85.557
KANDI,0.003,85.56
DEB,0.003,85.564
DEAN,0.003,85.567
AMERICA,0.003,85.571
ALYCIA,0.003,85.574
TOMMY,0.003,85.578
RONNA,0.003,85.581
NORENE,0.003,85.585
MERCY,0.003,85.588
JOSE,0.003,85.591
INGEBORG,0.003,85.595
GIOVANNA,0.003,85.598
GEMMA,0.003,85.602
CHRISTEL,0.003,85.605
AUDRY,0.003,85.609
ZORA,0.003,85.612
VITA,0.003,85.616
VAN,0.003,85.619
TRISH,0.003,85.622
STEPHAINE,0.003,85.626
SHIRLEE,0.003,85.629
SHANIKA,0.003,85.633
MELONIE,0.003,85.636
MAZIE,0.003,85.639
JAZMIN,0.003,85.643
INGA,0.003,85.646
HOA,0.003,85.65
HETTIE,0.003,85.653
GERALYN,0.003,85.657
FONDA,0.003,85.66
ESTRELLA,0.003,85.663
ADELLA,0.003,85.667
SU,0.003,85.67
SARITA,0.003,85.674
RINA,0.003,85.677
MILISSA,0.003,85.68
MARIBETH,0.003,85.684
GOLDA,0.003,85.687
EVON,0.003,85.691
ETHELYN,0.003,85.694
ENEDINA,0.003,85.697
CHERISE,0.003,85.701
CHANA,0.003,85.704
VELVA,0.003,85.708
TAWANNA,0.003,85.711
SADE,0.003,85.714
MIRTA,0.003,85.718
LI,0.003,85.721
KARIE,0.003,85.724
JACINTA,0.003,85.728
ELNA,0.003,85.731
DAVINA,0.003,85.734
CIERRA,0.003,85.738
ASHLIE,0.003,85.741
ALBERTHA,0.003,85.744
TANESHA,0.003,85.748
STEPHANI,0.003,85.751
NELLE,0.003,85.754
MINDI,0.003,85.758
LU,0.003,85.761
LORINDA,0.003,85.764
LARUE,0.003,85.768
FLORENE,0.003,85.771
DEMETRA,0.003,85.774
DEDRA,0.003,85.778
CIARA,0.003,85.781
CHANTELLE,0.003,85.784
ASHLY,0.003,85.788
SUZY,0.003,85.791
ROSALVA,0.003,85.794
NOELIA,0.003,85.798
LYDA,0.003,85.801
LEATHA,0.003,85.804
KRYSTYNA,0.003,85.808
KRISTAN,0.003,85.811
KARRI,0.003,85.814
DARLINE,0.003,85.817
DARCIE,0.003,85.821
CINDA,0.003,85.824
CHEYENNE,0.003,85.827
CHERRIE,0.003,85.831
AWILDA,0.003,85.834
ALMEDA,0.003,85.837
ROLANDA,0.003,85.84
LANETTE,0.003,85.844
JERILYN,0.003,85.847
GISELE,0.003,85.85
EVALYN,0.003,85.854
CYNDI,0.003,85.857
CLETA,0.003,85.86
CARIN,0.003,85.863
ZINA,0.003,85.867
ZENA,0.003,85.87
VELIA,0.003,85.873
TANIKA,0.003,85.876
PAUL,0.003,85.88
CHARISSA,0.003,85.883
THOMAS,0.003,85.886
TALIA,0.003,85.889
MARGARETE,0.003,85.892
LAVONDA,0.003,85.896
KAYLEE,0.003,85.899
KATHLENE,0.003,85.902
JONNA,0.003,85.905
IRENA,0.003,85.908
ILONA,0.003,85.912
IDALIA,0.003,85.915
CANDIS,0.003,85.918
CANDANCE,0.003,85.921
BRANDEE,0.003,85.924
ANITRA,0.003,85.928
ALIDA,0.003,85.931
SIGRID,0.003,85.934
NICOLETTE,0.003,85.937
MARYJO,0.003,85.94
LINETTE,0.003,85.944
HEDWIG,0.003,85.947
CHRISTIANA,0.003,85.95
CASSIDY,0.003,85.953
ALEXIA,0.003,85.956
TRESSIE,0.003,85.959
MODESTA,0.003,85.962
LUPITA,0.003,85.966
LITA,0.003,85.969
GLADIS,0.003,85.972
EVELIA,0.003,85.975
DAVIDA,0.003,85.978
CHERRI,0.003,85.981
CECILY,0.003,85.984
ASHELY,0.003,85.988
ANNABEL,0.003,85.991
AGUSTINA,0.003,85.994
WANITA,0.003,85.997
SHIRLY,0.003,86
ROSAURA,0.003,86.003
HULDA,0.003,86.006
EUN,0.003,86.009
BAILEY,0.003,86.013
YETTA,0.003,86.016
VERONA,0.003,86.019
THOMASINA,0.003,86.022
SIBYL,0.003,86.025
SHANNAN,0.003,86.028
MECHELLE,0.003,86.031
LUE,0.003,86.034
LEANDRA,0.003,86.037
LANI,0.003,86.04
KYLEE,0.003,86.043
KANDY,0.003,86.046
JOLYNN,0.003,86.049
FERNE,0.003,86.053
EBONI,0.003,86.056
CORENE,0.003,86.059
ALYSIA,0.003,86.062
ZULA,0.003,86.065
NADA,0.003,86.068
MOIRA,0.003,86.071
LYNDSAY,0.003,86.074
LORRETTA,0.003,86.077
JUAN,0.003,86.08
JAMMIE,0.003,86.083
HORTENSIA,0.003,86.086
GAYNELL,0.003,86.089
CAMERON,0.003,86.092
ADRIA,0.003,86.095
VINA,0.003,86.098
VICENTA,0.003,86.101
TANGELA,0.003,86.104
STEPHINE,0.003,86.107
NORINE,0.003,86.11
NELLA,0.003,86.113
LIANA,0.003,86.116
LESLEE,0.003,86.119
KIMBERELY,0.003,86.122
ILIANA,0.003,86.125
GLORY,0.003,86.128
FELICA,0.003,86.131
EMOGENE,0.003,86.134
ELFRIEDE,0.003,86.137
EDEN,0.003,86.14
EARTHA,0.003,86.144
CARMA,0.003,86.147
BEA,0.003,86.15
OCIE,0.003,86.153
MARRY,0.003,86.156
LENNIE,0.003,86.158
KIARA,0.003,86.161
JACALYN,0.003,86.164
CARLOTA,0.003,86.167
ARIELLE,0.003,86.17
YU,0.003,86.173
STAR,0.003,86.176
OTILIA,0.003,86.179
KIRSTIN,0.003,86.182
KACEY,0.003,86.185
JOHNETTA,0.003,86.188
JOEY,0.003,86.191
JOETTA,0.003,86.194
JERALDINE,0.003,86.197
JAUNITA,0.003,86.2
ELANA,0.003,86.203
DORTHEA,0.003,86.206
CAMI,0.003,86.209
AMADA,0.003,86.212
ADELIA,0.003,86.215
VERNITA,0.003,86.218
TAMAR,0.003,86.221
SIOBHAN,0.003,86.223
RENEA,0.003,86.226
RASHIDA,0.003,86.229
OUIDA,0.003,86.232
ODELL,0.003,86.235
NILSA,0.003,86.238
MERYL,0.003,86.241
KRISTYN,0.003,86.244
JULIETA,0.003,86.247
DANICA,0.003,86.25
BREANNE,0.003,86.253
AUREA,0.003,86.256
ANGLEA,0.003,86.259
SHERRON,0.003,86.261
ODETTE,0.003,86.264
MALIA,0.003,86.267
LORELEI,0.003,86.27
LIN,0.003,86.273
LEESA,0.003,86.276
KENNA,0.003,86.279
KATHLYN,0.003,86.282
FIONA,0.003,86.285
CHARLETTE,0.003,86.287
SUZIE,0.003,86.29
SHANTELL,0.003,86.293
SABRA,0.003,86.296
RACQUEL,0.003,86.299
MYONG,0.003,86.302
MIRA,0.003,86.305
MARTINE,0.003,86.307
LUCIENNE,0.003,86.31
LAVADA,0.003,86.313
JULIANN,0.003,86.316
JOHNIE,0.003,86.319
ELVERA,0.003,86.322
DELPHIA,0.003,86.325
CLAIR,0.003,86.327
CHRISTIANE,0.003,86.33
CHAROLETTE,0.003,86.333
CARRI,0.003,86.336
AUGUSTINE,0.003,86.339
ASHA,0.003,86.342
ANGELLA,0.003,86.345
PAOLA,0.003,86.347
NINFA,0.003,86.35
LEDA,0.003,86.353
LAI,0.003,86.356
EDA,0.003,86.359
SUNSHINE,0.003,86.361
STEFANI,0.003,86.364
SHANELL,0.003,86.367
PALMA,0.003,86.37
MACHELLE,0.003,86.373
LISSA,0.003,86.375
KECIA,0.003,86.378
KATHRYNE,0.003,86.381
KARLENE,0.003,86.384
JULISSA,0.003,86.387
JETTIE,0.003,86.389
JENNIFFER,0.003,86.392
HUI,0.003,86.395
CORRINA,0.003,86.398
CHRISTOPHER,0.003,86.401
CAROLANN,0.003,86.403
ALENA,0.003,86.406
TESS,0.003,86.409
ROSARIA,0.003,86.412
MYRTICE,0.003,86.414
MARYLEE,0.003,86.417
LIANE,0.003,86.42
KENYATTA,0.003,86.423
JUDIE,0.003,86.426
JANEY,0.003,86.428
IN,0.003,86.431
ELMIRA,0.003,86.434
ELDORA,0.003,86.437
DENNA,0.003,86.439
CRISTI,0.003,86.442
CATHI,0.003,86.445
ZAIDA,0.003,86.448
VONNIE,0.003,86.45
VIVA,0.003,86.453
VERNIE,0.003,86.456
ROSALINE,0.003,86.459
MARIELA,0.003,86.461
LUCIANA,0.003,86.464
LESLI,0.003,86.467
KARAN,0.003,86.469
FELICE,0.003,86.472
DENEEN,0.003,86.475
ADINA,0.003,86.478
WYNONA,0.003,86.48
TARSHA,0.003,86.483
SHERON,0.003,86.486
SHASTA,0.003,86.488
SHANITA,0.003,86.491
SHANI,0.003,86.494
SHANDRA,0.003,86.497
RANDA,0.003,86.499
PINKIE,0.003,86.502
PARIS,0.003,86.505
NELIDA,0.003,86.507
MARILOU,0.003,86.51
LYLA,0.003,86.513
LAURENE,0.003,86.515
LACI,0.003,86.518
JOI,0.003,86.521
JANENE,0.003,86.524
DOROTHA,0.003,86.526
DANIELE,0.003,86.529
DANI,0.003,86.532
CAROLYNN,0.003,86.534
CARLYN,0.003,86.537
BERENICE,0.003,86.54
AYESHA,0.003,86.542
ANNELIESE,0.003,86.545
ALETHEA,0.003,86.548
THERSA,0.003,86.551
TAMIKO,0.003,86.553
RUFINA,0.003,86.556
OLIVA,0.003,86.559
MOZELL,0.003,86.561
MARYLYN,0.003,86.564
MADISON,0.003,86.567
KRISTIAN,0.003,86.569
KATHYRN,0.003,86.572
KASANDRA,0.003,86.575
KANDACE,0.003,86.577
JANAE,0.003,86.58
GABRIEL,0.003,86.583
DOMENICA,0.003,86.585
DEBBRA,0.003,86.588
DANNIELLE,0.003,86.591
CHUN,0.003,86.593
BUFFY,0.003,86.596
BARBIE,0.003,86.599
ARCELIA,0.003,86.601
AJA,0.003,86.604
ZENOBIA,0.003,86.607
SHAREN,0.003,86.609
SHAREE,0.003,86.612
PATRICK,0.003,86.614
PAGE,0.003,86.617
MY,0.003,86.62
LAVINIA,0.003,86.622
KUM,0.003,86.625
KACIE,0.003,86.628
JACKELINE,0.003,86.63
HUONG,0.003,86.633
FELISA,0.003,86.636
EMELIA,0.003,86.638
ELEANORA,0.003,86.641
CYTHIA,0.003,86.644
CRISTIN,0.003,86.646
CLYDE,0.003,86.649
CLARIBEL,0.003,86.651
CARON,0.003,86.654
ANASTACIA,0.003,86.657
ZULMA,0.003,86.659
ZANDRA,0.003,86.662
YOKO,0.003,86.665
TENISHA,0.003,86.667
SUSANN,0.003,86.67
SHERILYN,0.003,86.672
SHAY,0.003,86.675
SHAWANDA,0.003,86.678
SABINE,0.003,86.68
ROMANA,0.003,86.683
MATHILDA,0.003,86.685
LINSEY,0.003,86.688
KEIKO,0.003,86.691
JOANA,0.003,86.693
ISELA,0.003,86.696
GRETTA,0.003,86.698
GEORGETTA,0.003,86.701
EUGENIE,0.003,86.704
DUSTY,0.003,86.706
DESIRAE,0.003,86.709
DELORA,0.003,86.711
CORAZON,0.003,86.714
ANTONINA,0.003,86.717
ANIKA,0.003,86.719
WILLENE,0.003,86.722
TRACEE,0.003,86.724
TAMATHA,0.003,86.727
REGAN,0.003,86.73
NICHELLE,0.003,86.732
MICKIE,0.003,86.735
MAEGAN,0.003,86.737
LUANA,0.003,86.74
LANITA,0.003,86.742
KELSIE,0.003,86.745
EDELMIRA,0.003,86.748
BREE,0.003,86.75
AFTON,0.003,86.753
TEODORA,0.003,86.755
TAMIE,0.003,86.758
SHENA,0.003,86.76
MEG,0.003,86.763
LINH,0.003,86.765
KELI,0.003,86.768
KACI,0.003,86.771
DANYELLE,0.003,86.773
BRITT,0.003,86.776
ARLETTE,0.003,86.778
ALBERTINE,0.003,86.781
ADELLE,0.003,86.783
TIFFINY,0.003,86.786
STORMY,0.003,86.788
SIMONA,0.003,86.791
NUMBERS,0.003,86.793
NICOLASA,0.003,86.796
NICHOL,0.003,86.798
NIA,0.003,86.801
NAKISHA,0.003,86.803
MEE,0.003,86.806
MAIRA,0.003,86.808
LOREEN,0.003,86.811
KIZZY,0.003,86.813
JOHNNY,0.003,86.816
JAY,0.003,86.818
FALLON,0.003,86.821
CHRISTENE,0.003,86.823
BOBBYE,0.003,86.826
ANTHONY,0.003,86.828
YING,0.002,86.831
VINCENZA,0.002,86.833
TANJA,0.002,86.836
RUBIE,0.002,86.838
RONI,0.002,86.841
QUEENIE,0.002,86.843
MARGARETT,0.002,86.846
KIMBERLI,0.002,86.848
IRMGARD,0.002,86.851
IDELL,0.002,86.853
HILMA,0.002,86.856
EVELINA,0.002,86.858
ESTA,0.002,86.861
EMILEE,0.002,86.863
DENNISE,0.002,86.866
DANIA,0.002,86.868
CARL,0.002,86.871
CARIE,0.002,86.873
ANTONIO,0.002,86.876
WAI,0.002,86.878
SANG,0.002,86.881
RISA,0.002,86.883
RIKKI,0.002,86.885
PARTICIA,0.002,86.888
MUI,0.002,86.89
MASAKO,0.002,86.893
MARIO,0.002,86.895
LUVENIA,0.002,86.898
LOREE,0.002,86.9
LONI,0.002,86.903
LIEN,0.002,86.905
KEVIN,0.002,86.907
GIGI,0.002,86.91
FLORENCIA,0.002,86.912
DORIAN,0.002,86.915
DENITA,0.002,86.917
DALLAS,0.002,86.92
CHI,0.002,86.922
BILLYE,0.002,86.925
ALEXANDER,0.002,86.927
TOMIKA,0.002,86.929
SHARITA,0.002,86.932
RANA,0.002,86.934
NIKOLE,0.002,86.937
NEOMA,0.002,86.939
MARGARITE,0.002,86.942
MADALYN,0.002,86.944
LUCINA,0.002,86.946
LAILA,0.002,86.949
KALI,0.002,86.951
JENETTE,0.002,86.954
GABRIELE,0.002,86.956
EVELYNE,0.002,86.958
ELENORA,0.002,86.961
CLEMENTINA,0.002,86.963
ALEJANDRINA,0.002,86.966
ZULEMA,0.002,86.968
VIOLETTE,0.002,86.971
VANNESSA,0.002,86.973
THRESA,0.002,86.975
RETTA,0.002,86.978
PIA,0.002,86.98
PATIENCE,0.002,86.982
NOELLA,0.002,86.985
NICKIE,0.002,86.987
JONELL,0.002,86.99
DELTA,0.002,86.992
CHUNG,0.002,86.994
CHAYA,0.002,86.997
CAMELIA,0.002,86.999
BETHEL,0.002,87.002
ANYA,0.002,87.004
ANDREW,0.002,87.006
THANH,0.002,87.009
SUZANN,0.002,87.011
SPRING,0.002,87.013
SHU,0.002,87.016
MILA,0.002,87.018
LILLA,0.002,87.02
LAVERNA,0.002,87.023
KEESHA,0.002,87.025
KATTIE,0.002,87.028
GIA,0.002,87.03
GEORGENE,0.002,87.032
EVELINE,0.002,87.035
ESTELL,0.002,87.037
ELIZBETH,0.002,87.039
VIVIENNE,0.002,87.042
VALLIE,0.002,87.044
TRUDIE,0.002,87.046
STEPHANE,0.002,87.049
MICHEL,0.002,87.051
MAGALY,0.002,87.053
MADIE,0.002,87.056
KENYETTA,0.002,87.058
KARREN,0.002,87.06
JANETTA,0.002,87.063
HERMINE,0.002,87.065
HARMONY,0.002,87.067
DRUCILLA,0.002,87.069
DEBBI,0.002,87.072
CELESTINA,0.002,87.074
CANDIE,0.002,87.076
BRITNI,0.002,87.079
BECKIE,0.002,87.081
AMINA,0.002,87.083
ZITA,0.002,87.086
YUN,0.002,87.088
YOLANDE,0.002,87.09
VIVIEN,0.002,87.093
VERNETTA,0.002,87.095
TRUDI,0.002,87.097
SOMMER,0.002,87.099
PEARLE,0.002,87.102
PATRINA,0.002,87.104
OSSIE,0.002,87.106
NICOLLE,0.002,87.109
LOYCE,0.002,87.111
LETTY,0.002,87.113
LARISA,0.002,87.116
KATHARINA,0.002,87.118
JOSELYN,0.002,87.12
JONELLE,0.002,87.122
JENELL,0.002,87.125
IESHA,0.002,87.127
HEIDE,0.002,87.129
FLORINDA,0.002,87.132
FLORENTINA,0.002,87.134
FLO,0.002,87.136
ELODIA,0.002,87.138
DORINE,0.002,87.141
BRUNILDA,0.002,87.143
BRIGID,0.002,87.145
ASHLI,0.002,87.148
ARDELLA,0.002,87.15
TWANA,0.002,87.152
THU,0.002,87.154
TARAH,0.002,87.157
SUNG,0.002,87.159
SHEA,0.002,87.161
SHAVON,0.002,87.163
SHANE,0.002,87.166
SERINA,0.002,87.168
RAYNA,0.002,87.17
RAMONITA,0.002,87.173
NGA,0.002,87.175
MARGURITE,0.002,87.177
LUCRECIA,0.002,87.179
KOURTNEY,0.002,87.182
KATI,0.002,87.184
JESUS,0.002,87.186
JESENIA,0.002,87.188
DIAMOND,0.002,87.191
CRISTA,0.002,87.193
AYANA,0.002,87.195
ALICA,0.002,87.197
ALIA,0.002,87.2
VINNIE,0.002,87.202
SUELLEN,0.002,87.204
ROMELIA,0.002,87.206
RACHELL,0.002,87.209
PIPER,0.002,87.211
OLYMPIA,0.002,87.213
MICHIKO,0.002,87.215
KATHALEEN,0.002,87.217
JOLIE,0.002,87.22
JESSI,0.002,87.222
JANESSA,0.002,87.224
HANA,0.002,87.226
HA,0.002,87.229
ELEASE,0.002,87.231
CARLETTA,0.002,87.233
BRITANY,0.002,87.235
SHONA,0.002,87.238
SALOME,0.002,87.24
ROSAMOND,0.002,87.242
REGENA,0.002,87.244
RAINA,0.002,87.246
NGOC,0.002,87.249
NELIA,0.002,87.251
LOUVENIA,0.002,87.253
LESIA,0.002,87.255
LATRINA,0.002,87.257
LATICIA,0.002,87.26
LARHONDA,0.002,87.262
JINA,0.002,87.264
JACKI,0.002,87.266
HOLLIS,0.002,87.268
HOLLEY,0.002,87.271
EMMY,0.002,87.273
DEEANN,0.002,87.275
CORETTA,0.002,87.277
ARNETTA,0.002,87.279
VELVET,0.002,87.281
THALIA,0.002,87.284
SHANICE,0.002,87.286
NETA,0.002,87.288
MIKKI,0.002,87.29
MICKI,0.002,87.292
LONNA,0.002,87.294
LEANA,0.002,87.297
LASHUNDA,0.002,87.299
KILEY,0.002,87.301
JOYE,0.002,87.303
JACQULYN,0.002,87.305
IGNACIA,0.002,87.307
HYUN,0.002,87.31
HIROKO,0.002,87.312
HENRY,0.002,87.314
HENRIETTE,0.002,87.316
ELAYNE,0.002,87.318
DELINDA,0.002,87.32
DARNELL,0.002,87.323
DAHLIA,0.002,87.325
COREEN,0.002,87.327
CONSUELA,0.002,87.329
CONCHITA,0.002,87.331
CELINE,0.002,87.333
BABETTE,0.002,87.336
AYANNA,0.002,87.338
ANETTE,0.002,87.34
ALBERTINA,0.002,87.342
SKYE,0.002,87.344
SHAWNEE,0.002,87.346
SHANEKA,0.002,87.349
QUIANA,0.002,87.351
PAMELIA,0.002,87.353
MIN,0.002,87.355
MERRI,0.002,87.357
MERLENE,0.002,87.359
MARGIT,0.002,87.361
KIESHA,0.002,87.363
KIERA,0.002,87.366
KAYLENE,0.002,87.368
JODEE,0.002,87.37
JENISE,0.002,87.372
ERLENE,0.002,87.374
EMMIE,0.002,87.376
ELSE,0.002,87.378
DARYL,0.002,87.381
DALILA,0.002,87.383
DAISEY,0.002,87.385
CODY,0.002,87.387
CASIE,0.002,87.389
BELIA,0.002,87.391
BABARA,0.002,87.393
VERSIE,0.002,87.395
VANESA,0.002,87.398
SHELBA,0.002,87.4
SHAWNDA,0.002,87.402
SAM,0.002,87.404
NORMAN,0.002,87.406
NIKIA,0.002,87.408
NAOMA,0.002,87.41
MARNA,0.002,87.412
MARGERET,0.002,87.414
MADALINE,0.002,87.417
LAWANA,0.002,87.419
KINDRA,0.002,87.421
JUTTA,0.002,87.423
JAZMINE,0.002,87.425
JANETT,0.002,87.427
HANNELORE,0.002,87.429
GLENDORA,0.002,87.431
GERTRUD,0.002,87.433
GARNETT,0.002,87.435
FREEDA,0.002,87.438
FREDERICA,0.002,87.44
FLORANCE,0.002,87.442
FLAVIA,0.002,87.444
DENNIS,0.002,87.446
CARLINE,0.002,87.448
BEVERLEE,0.002,87.45
ANJANETTE,0.002,87.452
VALDA,0.002,87.454
TRINITY,0.002,87.456
TAMALA,0.002,87.459
STEVIE,0.002,87.461
SHONNA,0.002,87.463
SHA,0.002,87.465
SARINA,0.002,87.467
ONEIDA,0.002,87.469
MICAH,0.002,87.471
MERILYN,0.002,87.473
MARLEEN,0.002,87.475
LURLINE,0.002,87.477
LENNA,0.002,87.479
KATHERIN,0.002,87.481
JIN,0.002,87.483
JENI,0.002,87.485
HAE,0.002,87.488
GRACIA,0.002,87.49
GLADY,0.002,87.492
FARAH,0.002,87.494
ERIC,0.002,87.496
ENOLA,0.002,87.498
EMA,0.002,87.5
DOMINQUE,0.002,87.502
DEVONA,0.002,87.504
DELANA,0.002,87.506
CECILA,0.002,87.508
CAPRICE,0.002,87.51
ALYSHA,0.002,87.512
ALI,0.002,87.514
ALETHIA,0.002,87.517
VENA,0.002,87.519
THERESIA,0.002,87.521
TAWNY,0.002,87.523
SONG,0.002,87.525
SHAKIRA,0.002,87.527
SAMARA,0.002,87.529
SACHIKO,0.002,87.531
RACHELE,0.002,87.533
PAMELLA,0.002,87.535
NICKY,0.002,87.537
MARNI,0.002,87.539
MARIEL,0.002,87.541
MAREN,0.002,87.543
MALISA,0.002,87.545
LIGIA,0.002,87.547
LERA,0.002,87.549
LATORIA,0.002,87.551
LARAE,0.002,87.553
KIMBER,0.002,87.555
KATHERN,0.002,87.557
KAREY,0.002,87.559
JENNEFER,0.002,87.561
JANETH,0.002,87.563
HALINA,0.002,87.566
FREDIA,0.002,87.568
DELISA,0.002,87.57
DEBROAH,0.002,87.572
CIERA,0.002,87.574
CHIN,0.002,87.576
ANGELIKA,0.002,87.578
ANDREE,0.002,87.58
ALTHA,0.002,87.582
YEN,0.002,87.584
VIVAN,0.002,87.586
TERRESA,0.002,87.588
TANNA,0.002,87.59
SUK,0.002,87.592
SUDIE,0.002,87.594
SOO,0.002,87.596
SIGNE,0.002,87.598
SALENA,0.002,87.6
RONNI,0.002,87.602
REBBECCA,0.002,87.604
MYRTIE,0.002,87.606
MCKENZIE,0.002,87.608
MALIKA,0.002,87.61
MAIDA,0.002,87.612
LOAN,0.002,87.614
LEONARDA,0.002,87.616
KAYLEIGH,0.002,87.618
FRANCE,0.002,87.62
ETHYL,0.002,87.622
ELLYN,0.002,87.624
DAYLE,0.002,87.626
CAMMIE,0.002,87.628
BRITTNI,0.002,87.63
BIRGIT,0.002,87.632
AVELINA,0.002,87.634
ASUNCION,0.002,87.636
ARIANNA,0.002,87.638
AKIKO,0.002,87.64
VENICE,0.002,87.642
TYESHA,0.002,87.644
TONIE,0.002,87.646
TIESHA,0.002,87.648
TAKISHA,0.002,87.65
STEFFANIE,0.002,87.652
SINDY,0.002,87.654
SANTANA,0.002,87.656
MEGHANN,0.002,87.658
MANDA,0.002,87.66
MACIE,0.002,87.662
LADY,0.002,87.664
KELLYE,0.002,87.666
KELLEE,0.002,87.668
JOSLYN,0.002,87.67
JASON,0.002,87.672
INGER,0.002,87.674
INDIRA,0.002,87.676
GLINDA,0.002,87.678
GLENNIS,0.002,87.68
FERNANDA,0.002,87.682
FAUSTINA,0.002,87.684
ENEIDA,0.002,87.686
ELICIA,0.002,87.688
DOT,0.002,87.69
DIGNA,0.002,87.692
DELL,0.002,87.694
ARLETTA,0.002,87.696
ANDRE,0.002,87.698
WILLIA,0.002,87.699
TAMMARA,0.002,87.701
TABETHA,0.002,87.703
SHERRELL,0.002,87.705
SARI,0.002,87.707
REFUGIO,0.002,87.709
REBBECA,0.002,87.711
PAULETTA,0.002,87.713
NIEVES,0.002,87.715
NATOSHA,0.002,87.717
NAKITA,0.002,87.719
MAMMIE,0.002,87.721
KENISHA,0.002,87.723
KAZUKO,0.002,87.725
KASSIE,0.002,87.727
GARY,0.002,87.729
EARLEAN,0.002,87.731
DAPHINE,0.002,87.733
CORLISS,0.002,87.735
CLOTILDE,0.002,87.736
CAROLYNE,0.002,87.738
BERNETTA,0.002,87.74
AUGUSTINA,0.002,87.742
AUDREA,0.002,87.744
ANNIS,0.002,87.746
ANNABELL,0.002,87.748
YAN,0.002,87.75
TENNILLE,0.002,87.752
TAMICA,0.002,87.754
SELENE,0.002,87.756
SEAN,0.002,87.758
ROSANA,0.002,87.76
REGENIA,0.002,87.762
QIANA,0.002,87.763
MARKITA,0.002,87.765
MACY,0.002,87.767
LEEANNE,0.002,87.769
LAURINE,0.002,87.771
KYM,0.002,87.773
JESSENIA,0.002,87.775
JANITA,0.002,87.777
GEORGINE,0.002,87.779
GENIE,0.002,87.781
EMIKO,0.002,87.783
ELVIE,0.002,87.785
DEANDRA,0.002,87.786
DAGMAR,0.002,87.788
CORIE,0.002,87.79
COLLEN,0.002,87.792
CHERISH,0.002,87.794
ROMAINE,0.002,87.796
PORSHA,0.002,87.798
PEARLENE,0.002,87.8
MICHELINE,0.002,87.802
MERNA,0.002,87.804
MARGORIE,0.002,87.805
MARGARETTA,0.002,87.807
LORE,0.002,87.809
KENNETH,0.002,87.811
JENINE,0.002,87.813
HERMINA,0.002,87.815
FREDERICKA,0.002,87.817
ELKE,0.002,87.819
DRUSILLA,0.002,87.82
DORATHY,0.002,87.822
DIONE,0.002,87.824
DESIRE,0.002,87.826
CELENA,0.002,87.828
BRIGIDA,0.002,87.83
ANGELES,0.002,87.832
ALLEGRA,0.002,87.834
THEO,0.002,87.836
TAMEKIA,0.002,87.837
SYNTHIA,0.002,87.839
STEPHEN,0.002,87.841
SOOK,0.002,87.843
SLYVIA,0.002,87.845
ROSANN,0.002,87.847
REATHA,0.002,87.849
RAYE,0.002,87.85
MARQUETTA,0.002,87.852
MARGART,0.002,87.854
LING,0.002,87.856
LAYLA,0.002,87.858
KYMBERLY,0.002,87.86
KIANA,0.002,87.861
KAYLEEN,0.002,87.863
KATLYN,0.002,87.865
KARMEN,0.002,87.867
JOELLA,0.002,87.869
IRINA,0.002,87.871
EMELDA,0.002,87.873
ELENI,0.002,87.874
DETRA,0.002,87.876
CLEMMIE,0.002,87.878
CHERYLL,0.002,87.88
CHANTELL,0.002,87.882
CATHEY,0.002,87.884
ARNITA,0.002,87.886
ARLA,0.002,87.887
ANGLE,0.002,87.889
ANGELIC,0.002,87.891
ALYSE,0.002,87.893
ZOFIA,0.002,87.895
THOMASINE,0.002,87.897
TENNIE,0.002,87.898
SON,0.002,87.9
SHERLY,0.002,87.902
SHERLEY,0.002,87.904
SHARYL,0.002,87.906
REMEDIOS,0.002,87.908
PETRINA,0.002,87.909
NICKOLE,0.002,87.911
MYUNG,0.002,87.913
MYRLE,0.002,87.915
MOZELLA,0.002,87.917
LOUANNE,0.002,87.918
LISHA,0.002,87.92
LATIA,0.002,87.922
LANE,0.002,87.924
KRYSTA,0.002,87.926
JULIENNE,0.002,87.928
JOEL,0.002,87.929
JEANENE,0.002,87.931
JACQUALINE,0.002,87.933
ISAURA,0.002,87.935
GWENDA,0.002,87.937
EARLEEN,0.002,87.939
DONALD,0.002,87.94
CLEOPATRA,0.002,87.942
CARLIE,0.002,87.944
AUDIE,0.002,87.946
ANTONIETTA,0.002,87.948
ALISE,0.002,87.949
ALEX,0.002,87.951
VERDELL,0.002,87.953
VAL,0.002,87.955
TYLER,0.002,87.957
TOMOKO,0.002,87.958
THAO,0.002,87.96
TALISHA,0.002,87.962
STEVEN,0.002,87.964
SO,0.002,87.966
SHEMIKA,0.002,87.967
SHAUN,0.002,87.969
SCARLET,0.002,87.971
SAVANNA,0.002,87.973
SANTINA,0.002,87.975
ROSIA,0.002,87.976
RAEANN,0.002,87.978
ODILIA,0.002,87.98
NANA,0.002,87.982
MINNA,0.002,87.983
MAGAN,0.002,87.985
LYNELLE,0.002,87.987
LE,0.002,87.989
KARMA,0.002,87.991
JOEANN,0.002,87.992
IVANA,0.002,87.994
INELL,0.002,87.996
ILANA,0.002,87.998
HYE,0.002,88
HONEY,0.002,88.001
HEE,0.002,88.003
GUDRUN,0.002,88.005
FRANK,0.002,88.007
DREAMA,0.002,88.009
CRISSY,0.002,88.01
CHANTE,0.002,88.012
CARMELINA,0.002,88.014
ARVILLA,0.002,88.016
ARTHUR,0.002,88.017
ANNAMAE,0.002,88.019
ALVERA,0.002,88.021
ALEIDA,0.002,88.023
AARON,0.002,88.025
YEE,0.002,88.026
YANIRA,0.002,88.028
VANDA,0.002,88.03
TIANNA,0.002,88.032
TAM,0.002,88.033
STEFANIA,0.002,88.035
SHIRA,0.002,88.037
PERRY,0.002,88.039
NICOL,0.002,88.04
NANCIE,0.002,88.042
MONSERRATE,0.002,88.044
MINH,0.002,88.046
MELYNDA,0.002,88.048
MELANY,0.002,88.049
MATTHEW,0.002,88.051
LOVELLA,0.002,88.053
LAURE,0.002,88.055
KIRBY,0.002,88.056
KACY,0.002,88.058
JACQUELYNN,0.002,88.06
HYON,0.002,88.062
GERTHA,0.002,88.063
FRANCISCO,0.002,88.065
ELIANA,0.002,88.067
CHRISTENA,0.002,88.069
CHRISTEEN,0.002,88.07
CHARISE,0.002,88.072
CATERINA,0.002,88.074
CARLEY,0.002,88.076
CANDYCE,0.002,88.077
ARLENA,0.002,88.079
AMMIE,0.002,88.081
YANG,0.002,88.083
WILLETTE,0.002,88.084
VANITA,0.002,88.086
TUYET,0.002,88.088
TINY,0.002,88.09
SYREETA,0.002,88.091
SILVA,0.002,88.093
SCOTT,0.002,88.095
RONALD,0.002,88.096
PENNEY,0.002,88.098
NYLA,0.002,88.1
MICHAL,0.002,88.102
MAURICE,0.002,88.103
MARYAM,0.002,88.105
MARYA,0.002,88.107
MAGEN,0.002,88.109
LUDIE,0.002,88.11
LOMA,0.002,88.112
LIVIA,0.002,88.114
LANELL,0.002,88.115
KIMBERLIE,0.002,88.117
JULEE,0.002,88.119
DONETTA,0.002,88.121
DIEDRA,0.002,88.122
DENISHA,0.002,88.124
DEANE,0.002,88.126
DAWNE,0.002,88.128
CLARINE,0.002,88.129
CHERRYL,0.002,88.131
BRONWYN,0.002,88.133
BRANDON,0.002,88.134
ALLA,0.002,88.136
VALERY,0.002,88.138
TONDA,0.002,88.14
SUEANN,0.002,88.141
SORAYA,0.002,88.143
SHOSHANA,0.002,88.145
SHELA,0.002,88.146
SHARLEEN,0.002,88.148
SHANELLE,0.002,88.15
NERISSA,0.002,88.151
MICHEAL,0.002,88.153
MERIDITH,0.002,88.155
MELLIE,0.002,88.157
MAYE,0.002,88.158
MAPLE,0.002,88.16
MAGARET,0.002,88.162
LUIS,0.002,88.163
LILI,0.002,88.165
LEONILA,0.002,88.167
LEONIE,0.002,88.168
LEEANNA,0.002,88.17
LAVONIA,0.002,88.172
LAVERA,0.002,88.173
KRISTEL,0.002,88.175
KATHEY,0.002,88.177
KATHE,0.002,88.179
JUSTIN,0.002,88.18
JULIAN,0.002,88.182
JIMMY,0.002,88.184
JANN,0.002,88.185
ILDA,0.002,88.187
HILDRED,0.002,88.189
HILDEGARDE,0.002,88.19
GENIA,0.002,88.192
FUMIKO,0.002,88.194
EVELIN,0.002,88.196
ERMELINDA,0.002,88.197
ELLY,0.002,88.199
DUNG,0.002,88.201
DOLORIS,0.002,88.202
DIONNA,0.002,88.204
DANAE,0.002,88.206
BERNEICE,0.002,88.207
ANNICE,0.002,88.209
ALIX,0.002,88.211
VERENA,0.002,88.212
VERDIE,0.002,88.214
TRISTAN,0.002,88.216
SHAWNNA,0.002,88.217
SHAWANA,0.002,88.219
SHAUNNA,0.002,88.221
ROZELLA,0.002,88.222
RANDEE,0.002,88.224
RANAE,0.002,88.226
MILAGRO,0.002,88.227
LYNELL,0.002,88.229
LUISE,0.002,88.231
LOUIE,0.002,88.232
LOIDA,0.002,88.234
LISBETH,0.002,88.236
KARLEEN,0.002,88.237
JUNITA,0.002,88.239
JONA,0.002,88.241
ISIS,0.002,88.242
HYACINTH,0.002,88.244
HEDY,0.002,88.246
GWENN,0.002,88.247
ETHELENE,0.002,88.249
ERLINE,0.002,88.251
EDWARD,0.002,88.252
DONYA,0.002,88.254
DOMONIQUE,0.002,88.256
DELICIA,0.002,88.257
DANNETTE,0.002,88.259
CICELY,0.002,88.261
BRANDA,0.002,88.262
BLYTHE,0.002,88.264
BETHANN,0.002,88.266
ASHLYN,0.002,88.267
ANNALEE,0.002,88.269
ALLINE,0.002,88.271
YUKO,0.002,88.272
VELLA,0.002,88.274
TRANG,0.002,88.276
TOWANDA,0.002,88.277
TESHA,0.002,88.279
SHERLYN,0.002,88.281
NARCISA,0.002,88.282
MIGUELINA,0.002,88.284
MERI,0.002,88.285
MAYBELL,0.002,88.287
MARLANA,0.002,88.289
MARGUERITA,0.002,88.29
MADLYN,0.002,88.292
LUNA,0.002,88.294
LORY,0.002,88.295
LORIANN,0.002,88.297
LIBERTY,0.002,88.298
LEONORE,0.002,88.3
LEIGHANN,0.002,88.302
LAURICE,0.002,88.303
LATESHA,0.002,88.305
LARONDA,0.002,88.307
KATRICE,0.002,88.308
KASIE,0.002,88.31
KARL,0.002,88.312
KALEY,0.002,88.313
JADWIGA,0.002,88.315
GLENNIE,0.002,88.316
GEARLDINE,0.002,88.318
FRANCINA,0.002,88.32
EPIFANIA,0.002,88.321
DYAN,0.002,88.323
DORIE,0.002,88.325
DIEDRE,0.002,88.326
DENESE,0.002,88.328
DEMETRICE,0.002,88.33
DELENA,0.002,88.331
DARBY,0.002,88.333
CRISTIE,0.002,88.334
CLEORA,0.002,88.336
CATARINA,0.002,88.338
CARISA,0.002,88.339
BERNIE,0.002,88.341
BARBERA,0.002,88.343
ALMETA,0.002,88.344
TRULA,0.002,88.346
TEREASA,0.002,88.347
SOLANGE,0.002,88.349
SHEILAH,0.002,88.351
SHAVONNE,0.002,88.352
SANORA,0.002,88.354
ROCHELL,0.002,88.355
MATHILDE,0.002,88.357
MARGARETA,0.002,88.359
MAIA,0.002,88.36
LYNSEY,0.002,88.362
LAWANNA,0.002,88.363
LAUNA,0.002,88.365
KENA,0.002,88.367
KEENA,0.002,88.368
KATIA,0.002,88.37
JAMEY,0.002,88.371
GLYNDA,0.002,88.373
GAYLENE,0.002,88.375
ELVINA,0.002,88.376
ELANOR,0.002,88.378
DANUTA,0.002,88.379
DANIKA,0.002,88.381
CRISTEN,0.002,88.383
CORDIE,0.002,88.384
COLETTA,0.002,88.386
CLARITA,0.002,88.387
CARMON,0.002,88.389
BRYNN,0.002,88.391
AZUCENA,0.002,88.392
AUNDREA,0.002,88.394
ANGELE,0.002,88.395
YI,0.002,88.397
WALTER,0.002,88.399
VERLIE,0.002,88.4
VERLENE,0.002,88.402
TAMESHA,0.002,88.403
SILVANA,0.002,88.405
SEBRINA,0.002,88.406
SAMIRA,0.002,88.408
REDA,0.002,88.41
RAYLENE,0.002,88.411
PENNI,0.002,88.413
PANDORA,0.002,88.414
NORAH,0.002,88.416
NOMA,0.002,88.417
MIREILLE,0.002,88.419
MELISSIA,0.002,88.421
MARYALICE,0.002,88.422
LARAINE,0.002,88.424
KIMBERY,0.002,88.425
KARYL,0.002,88.427
KARINE,0.002,88.428
KAM,0.002,88.43
JOLANDA,0.002,88.432
JOHANA,0.002,88.433
JESUSA,0.002,88.435
JALEESA,0.002,88.436
JAE,0.002,88.438
JACQUELYNE,0.002,88.439
IRISH,0.002,88.441
ILUMINADA,0.002,88.443
HILARIA,0.002,88.444
HANH,0.002,88.446
GENNIE,0.002,88.447
FRANCIE,0.002,88.449
FLORETTA,0.002,88.45
EXIE,0.002,88.452
EDDA,0.002,88.454
DREMA,0.002,88.455
DELPHA,0.002,88.457
BEV,0.002,88.458
BARBAR,0.002,88.46
ASSUNTA,0.002,88.461
ARDELL,0.002,88.463
ANNALISA,0.002,88.465
ALISIA,0.002,88.466
YUKIKO,0.002,88.468
YOLANDO,0.002,88.469
WONDA,0.002,88.471
WEI,0.002,88.472
WALTRAUD,0.002,88.474
VETA,0.002,88.475
TEQUILA,0.002,88.477
TEMEKA,0.002,88.478
TAMEIKA,0.002,88.48
SHIRLEEN,0.002,88.481
SHENITA,0.002,88.483
PIEDAD,0.002,88.485
OZELLA,0.002,88.486
MIRTHA,0.002,88.488
MARILU,0.002,88.489
KIMIKO,0.002,88.491
JULIANE,0.002,88.492
JENICE,0.002,88.494
JEN,0.002,88.495
JANAY,0.002,88.497
JACQUILINE,0.002,88.498
HILDE,0.002,88.5
FE,0.002,88.502
FAE,0.002,88.503
EVAN,0.002,88.505
EUGENE,0.002,88.506
ELOIS,0.002,88.508
ECHO,0.002,88.509
DEVORAH,0.002,88.511
CHAU,0.002,88.512
BRINDA,0.002,88.514
BETSEY,0.002,88.515
ARMINDA,0.002,88.517
ARACELIS,0.002,88.518
APRYL,0.002,88.52
ANNETT,0.002,88.522
ALISHIA,0.002,88.523
VEOLA,0.002,88.525
USHA,0.002,88.526
TOSHIKO,0.002,88.528
THEOLA,0.002,88.529
TASHIA,0.002,88.531
TALITHA,0.002,88.532
SHERY,0.002,88.534
RUDY,0.002,88.535
RENETTA,0.002,88.537
REIKO,0.002,88.538
RASHEEDA,0.002,88.54
OMEGA,0.002,88.541
OBDULIA,0.002,88.543
MIKA,0.002,88.544
MELAINE,0.002,88.546
MEGGAN,0.002,88.547
MARTIN,0.002,88.549
MARLEN,0.002,88.55
MARGET,0.002,88.552
MARCELINE,0.002,88.553
MANA,0.002,88.555
MAGDALEN,0.002,88.556
LIBRADA,0.002,88.558
LEZLIE,0.002,88.559
LEXIE,0.002,88.561
LATASHIA,0.002,88.562
LASANDRA,0.002,88.564
KELLE,0.002,88.565
ISIDRA,0.002,88.567
ISA,0.002,88.568
INOCENCIA,0.002,88.57
GWYN,0.002,88.571
FRANCOISE,0.002,88.573
ERMINIA,0.002,88.574
ERINN,0.002,88.576
DIMPLE,0.002,88.577
DEVORA,0.002,88.579
CRISELDA,0.002,88.58
ARMANDA,0.002,88.582
ARIE,0.002,88.583
ARIANE,0.002,88.585
ANGELO,0.002,88.586
ANGELENA,0.002,88.588
ALLEN,0.002,88.589
ALIZA,0.002,88.591
ADRIENE,0.002,88.592
ADALINE,0.002,88.594
XOCHITL,0.001,88.595
TWANNA,0.001,88.597
TRAN,0.001,88.598
TOMIKO,0.001,88.6
TAMISHA,0.001,88.601
TAISHA,0.001,88.603
SUSY,0.001,88.604
SIU,0.001,88.606
RUTHA,0.001,88.607
ROXY,0.001,88.609
RHONA,0.001,88.61
RAYMOND,0.001,88.612
OTHA,0.001,88.613
NORIKO,0.001,88.615
NATASHIA,0.001,88.616
MERRIE,0.001,88.618
MELVIN,0.001,88.619
MARINDA,0.001,88.62
MARIKO,0.001,88.622
MARGERT,0.001,88.623
LORIS,0.001,88.625
LIZZETTE,0.001,88.626
LEISHA,0.001,88.628
KAILA,0.001,88.629
KA,0.001,88.631
JOANNIE,0.001,88.632
JERRICA,0.001,88.634
JENE,0.001,88.635
JANNET,0.001,88.637
JANEE,0.001,88.638
JACINDA,0.001,88.64
HERTA,0.001,88.641
ELENORE,0.001,88.643
DORETTA,0.001,88.644
DELAINE,0.001,88.646
DANIELL,0.001,88.647
CLAUDIE,0.001,88.649
CHINA,0.001,88.65
BRITTA,0.001,88.651
APOLONIA,0.001,88.653
AMBERLY,0.001,88.654
ALEASE,0.001,88.656
YURI,0.001,88.657
YUK,0.001,88.659
WEN,0.001,88.66
WANETA,0.001,88.662
UTE,0.001,88.663
TOMI,0.001,88.665
SHARRI,0.001,88.666
SANDIE,0.001,88.667
ROSELLE,0.001,88.669
REYNALDA,0.001,88.67
RAGUEL,0.001,88.672
PHYLICIA,0.001,88.673
PATRIA,0.001,88.675
OLIMPIA,0.001,88.676
ODELIA,0.001,88.678
MITZIE,0.001,88.679
MITCHELL,0.001,88.68
MISS,0.001,88.682
MINDA,0.001,88.683
MIGNON,0.001,88.685
MICA,0.001,88.686
MENDY,0.001,88.688
MARIVEL,0.001,88.689
MAILE,0.001,88.691
LYNETTA,0.001,88.692
LAVETTE,0.001,88.693
LAURYN,0.001,88.695
LATRISHA,0.001,88.696
LAKIESHA,0.001,88.698
KIERSTEN,0.001,88.699
KARY,0.001,88.701
JOSPHINE,0.001,88.702
JOLYN,0.001,88.704
JETTA,0.001,88.705
JANISE,0.001,88.706
JACQUIE,0.001,88.708
IVELISSE,0.001,88.709
GLYNIS,0.001,88.711
GIANNA,0.001,88.712
GAYNELLE,0.001,88.714
EMERALD,0.001,88.715
DEMETRIUS,0.001,88.717
DANYELL,0.001,88.718
DANILLE,0.001,88.719
DACIA,0.001,88.721
CORALEE,0.001,88.722
CHER,0.001,88.724
CEOLA,0.001,88.725
BRETT,0.001,88.727
BELL,0.001,88.728
ARIANNE,0.001,88.73
ALESHIA,0.001,88.731
YUNG,0.001,88.732
WILLIEMAE,0.001,88.734
TROY,0.001,88.735
TRINH,0.001,88.737
THORA,0.001,88.738
TAI,0.001,88.739
SVETLANA,0.001,88.741
SHERIKA,0.001,88.742
SHEMEKA,0.001,88.744
SHAUNDA,0.001,88.745
ROSELINE,0.001,88.747
RICKI,0.001,88.748
MELDA,0.001,88.749
MALLIE,0.001,88.751
LAVONNA,0.001,88.752
LATINA,0.001,88.754
LARRY,0.001,88.755
LAQUANDA,0.001,88.756
LALA,0.001,88.758
LACHELLE,0.001,88.759
KLARA,0.001,88.761
KANDIS,0.001,88.762
JOHNA,0.001,88.763
JEANMARIE,0.001,88.765
JAYE,0.001,88.766
HANG,0.001,88.768
GRAYCE,0.001,88.769
GERTUDE,0.001,88.771
EMERITA,0.001,88.772
EBONIE,0.001,88.773
CLORINDA,0.001,88.775
CHING,0.001,88.776
CHERY,0.001,88.778
CAROLA,0.001,88.779
BREANN,0.001,88.78
BLOSSOM,0.001,88.782
BERNARDINE,0.001,88.783
BECKI,0.001,88.785
ARLETHA,0.001,88.786
ARGELIA,0.001,88.788
ARA,0.001,88.789
ALITA,0.001,88.79
YULANDA,0.001,88.792
YON,0.001,88.793
YESSENIA,0.001,88.794
TOBI,0.001,88.796
TASIA,0.001,88.797
SYLVIE,0.001,88.799
SHIRL,0.001,88.8
SHIRELY,0.001,88.801
SHERIDAN,0.001,88.803
SHELLA,0.001,88.804
SHANTELLE,0.001,88.806
SACHA,0.001,88.807
ROYCE,0.001,88.808
REBECKA,0.001,88.81
REAGAN,0.001,88.811
PROVIDENCIA,0.001,88.812
PAULENE,0.001,88.814
MISHA,0.001,88.815
MIKI,0.001,88.817
MARLINE,0.001,88.818
MARICA,0.001,88.819
LORITA,0.001,88.821
LATOYIA,0.001,88.822
LASONYA,0.001,88.824
KERSTIN,0.001,88.825
KENDA,0.001,88.826
KEITHA,0.001,88.828
KATHRIN,0.001,88.829
JAYMIE,0.001,88.83
JACK,0.001,88.832
GRICELDA,0.001,88.833
GINETTE,0.001,88.835
ERYN,0.001,88.836
ELINA,0.001,88.837
ELFRIEDA,0.001,88.839
DANYEL,0.001,88.84
CHEREE,0.001,88.841
CHANELLE,0.001,88.843
BARRIE,0.001,88.844
AVERY,0.001,88.846
AURORE,0.001,88.847
ANNAMARIA,0.001,88.848
ALLEEN,0.001,88.85
AILENE,0.001,88.851
AIDE,0.001,88.853
YASMINE,0.001,88.854
VASHTI,0.001,88.855
VALENTINE,0.001,88.857
TREASA,0.001,88.858
TORY,0.001,88.859
TIFFANEY,0.001,88.861
SHERYLL,0.001,88.862
SHARIE,0.001,88.863
SHANAE,0.001,88.865
SAU,0.001,88.866
RAISA,0.001,88.867
PA,0.001,88.869
NEDA,0.001,88.87
MITSUKO,0.001,88.871
MIRELLA,0.001,88.873
MILDA,0.001,88.874
MARYANNA,0.001,88.875
MARAGRET,0.001,88.877
MABELLE,0.001,88.878
LUETTA,0.001,88.88
LORINA,0.001,88.881
LETISHA,0.001,88.882
LATARSHA,0.001,88.884
LANELLE,0.001,88.885
LAJUANA,0.001,88.886
KRISSY,0.001,88.888
KARLY,0.001,88.889
KARENA,0.001,88.89
JON,0.001,88.892
JESSIKA,0.001,88.893
JERICA,0.001,88.894
JEANELLE,0.001,88.896
JANUARY,0.001,88.897
JALISA,0.001,88.898
JACELYN,0.001,88.9
IZOLA,0.001,88.901
IVEY,0.001,88.902
GREGORY,0.001,88.904
EUNA,0.001,88.905
ETHA,0.001,88.907
DREW,0.001,88.908
DOMITILA,0.001,88.909
DOMINICA,0.001,88.911
DAINA,0.001,88.912
CREOLA,0.001,88.913
CARLI,0.001,88.915
CAMIE,0.001,88.916
BUNNY,0.001,88.917
BRITTNY,0.001,88.919
ASHANTI,0.001,88.92
ANISHA,0.001,88.921
ALEEN,0.001,88.923
ADAH,0.001,88.924
YASUKO,0.001,88.925
WINTER,0.001,88.927
VIKI,0.001,88.928
VALRIE,0.001,88.929
TONA,0.001,88.931
TINISHA,0.001,88.932
THI,0.001,88.933
TERISA,0.001,88.935
TATUM,0.001,88.936
TANEKA,0.001,88.937
SIMONNE,0.001,88.939
SHALANDA,0.001,88.94
SERITA,0.001,88.941
RESSIE,0.001,88.943
REFUGIA,0.001,88.944
PAZ,0.001,88.945
OLENE,0.001,88.947
NA,0.001,88.948
MERRILL,0.001,88.949
MARGHERITA,0.001,88.95
MANDIE,0.001,88.952
MAN,0.001,88.953
MAIRE,0.001,88.954
LYNDIA,0.001,88.956
LUCI,0.001,88.957
LORRIANE,0.001,88.958
LORETA,0.001,88.96
LEONIA,0.001,88.961
LAVONA,0.001,88.962
LASHAWNDA,0.001,88.964
LAKIA,0.001,88.965
KYOKO,0.001,88.966
KRYSTINA,0.001,88.968
KRYSTEN,0.001,88.969
KENIA,0.001,88.97
KELSI,0.001,88.972
JUDE,0.001,88.973
JEANICE,0.001,88.974
ISOBEL,0.001,88.976
GEORGIANN,0.001,88.977
GENNY,0.001,88.978
FELICIDAD,0.001,88.979
EILENE,0.001,88.981
DEON,0.001,88.982
DELOISE,0.001,88.983
DEEDEE,0.001,88.985
DANNIE,0.001,88.986
CONCEPTION,0.001,88.987
CLORA,0.001,88.989
CHERILYN,0.001,88.99
CHANG,0.001,88.991
CALANDRA,0.001,88.993
BERRY,0.001,88.994
ARMANDINA,0.001,88.995
ANISA,0.001,88.997
ULA,0.001,88.998
TIMOTHY,0.001,88.999
TIERA,0.001,89
THERESSA,0.001,89.002
STEPHANIA,0.001,89.003
SIMA,0.001,89.004
SHYLA,0.001,89.006
SHONTA,0.001,89.007
SHERA,0.001,89.008
SHAQUITA,0.001,89.01
SHALA,0.001,89.011
SAMMY,0.001,89.012
ROSSANA,0.001,89.013
NOHEMI,0.001,89.015
NERY,0.001,89.016
MORIAH,0.001,89.017
MELITA,0.001,89.019
MELIDA,0.001,89.02
MELANI,0.001,89.021
MARYLYNN,0.001,89.022
MARISHA,0.001,89.024
MARIETTE,0.001,89.025
MALORIE,0.001,89.026
MADELENE,0.001,89.028
LUDIVINA,0.001,89.029
LORIA,0.001,89.03
LORETTE,0.001,89.031
LORALEE,0.001,89.033
LIANNE,0.001,89.034
LEON,0.001,89.035
LAVENIA,0.001,89.037
LAURINDA,0.001,89.038
LASHON,0.001,89.039
KIT,0.001,89.04
KIMI,0.001,89.042
KEILA,0.001,89.043
KATELYNN,0.001,89.044
KAI,0.001,89.046
JONE,0.001,89.047
JOANE,0.001,89.048
JI,0.001,89.049
JAYNA,0.001,89.051
JANELLA,0.001,89.052
JA,0.001,89.053
HUE,0.001,89.055
HERTHA,0.001,89.056
FRANCENE,0.001,89.057
ELINORE,0.001,89.058
DESPINA,0.001,89.06
DELSIE,0.001,89.061
DEEDRA,0.001,89.062
CLEMENCIA,0.001,89.064
CARRY,0.001,89.065
CAROLIN,0.001,89.066
CARLOS,0.001,89.067
BULAH,0.001,89.069
BRITTANIE,0.001,89.07
BOK,0.001,89.071
BLONDELL,0.001,89.073
BIBI,0.001,89.074
BEAULAH,0.001,89.075
BEATA,0.001,89.076
ANNITA,0.001,89.078
AGRIPINA,0.001,89.079
VIRGEN,0.001,89.08
VALENE,0.001,89.082
UN,0.001,89.083
TWANDA,0.001,89.084
TOMMYE,0.001,89.085
TOI,0.001,89.087
TARRA,0.001,89.088
TARI,0.001,89.089
TAMMERA,0.001,89.09
SHAKIA,0.001,89.092
SADYE,0.001,89.093
RUTHANNE,0.001,89.094
ROCHEL,0.001,89.095
RIVKA,0.001,89.097
PURA,0.001,89.098
NENITA,0.001,89.099
NATISHA,0.001,89.1
MING,0.001,89.102
MERRILEE,0.001,89.103
MELODEE,0.001,89.104
MARVIS,0.001,89.105
LUCILLA,0.001,89.107
LEENA,0.001,89.108
LAVETA,0.001,89.109
LARITA,0.001,89.11
LANIE,0.001,89.112
KEREN,0.001,89.113
ILEEN,0.001,89.114
GEORGEANN,0.001,89.115
GENNA,0.001,89.117
GENESIS,0.001,89.118
FRIDA,0.001,89.119
EWA,0.001,89.12
EUFEMIA,0.001,89.122
EMELY,0.001,89.123
ELA,0.001,89.124
EDYTH,0.001,89.126
DEONNA,0.001,89.127
DEADRA,0.001,89.128
DARLENA,0.001,89.129
CHANELL,0.001,89.131
CHAN,0.001,89.132
CATHERN,0.001,89.133
CASSONDRA,0.001,89.134
CASSAUNDRA,0.001,89.136
BERNARDA,0.001,89.137
BERNA,0.001,89.138
ARLINDA,0.001,89.139
ANAMARIA,0.001,89.141
ALBERT,0.001,89.142
WESLEY,0.001,89.143
VERTIE,0.001,89.144
VALERI,0.001,89.146
TORRI,0.001,89.147
TATYANA,0.001,89.148
STASIA,0.001,89.149
SHERISE,0.001,89.15
SHERILL,0.001,89.152
SEASON,0.001,89.153
SCOTTIE,0.001,89.154
SANDA,0.001,89.155
RUTHE,0.001,89.157
ROSY,0.001,89.158
ROBERTO,0.001,89.159
ROBBI,0.001,89.16
RANEE,0.001,89.161
QUYEN,0.001,89.163
PEARLY,0.001,89.164
PALMIRA,0.001,89.165
ONITA,0.001,89.166
NISHA,0.001,89.168
NIESHA,0.001,89.169
NIDA,0.001,89.17
NEVADA,0.001,89.171
NAM,0.001,89.172
MERLYN,0.001,89.174
MAYOLA,0.001,89.175
MARYLOUISE,0.001,89.176
MARYLAND,0.001,89.177
MARX,0.001,89.179
MARTH,0.001,89.18
MARGENE,0.001,89.181
MADELAINE,0.001,89.182
LONDA,0.001,89.183
LEONTINE,0.001,89.185
LEOMA,0.001,89.186
LEIA,0.001,89.187
LAWRENCE,0.001,89.188
LAURALEE,0.001,89.19
LANORA,0.001,89.191
LAKITA,0.001,89.192
KIYOKO,0.001,89.193
KETURAH,0.001,89.195
KATELIN,0.001,89.196
KAREEN,0.001,89.197
JONIE,0.001,89.198
JOHNETTE,0.001,89.199
JENEE,0.001,89.201
JEANETT,0.001,89.202
IZETTA,0.001,89.203
HIEDI,0.001,89.204
HEIKE,0.001,89.206
HASSIE,0.001,89.207
HAROLD,0.001,89.208
GIUSEPPINA,0.001,89.209
GEORGANN,0.001,89.21
FIDELA,0.001,89.212
FERNANDE,0.001,89.213
ELWANDA,0.001,89.214
ELLAMAE,0.001,89.215
ELIZ,0.001,89.217
DUSTI,0.001,89.218
DOTTY,0.001,89.219
CYNDY,0.001,89.22
CORALIE,0.001,89.221
CELESTA,0.001,89.223
ARGENTINA,0.001,89.224
ALVERTA,0.001,89.225
XENIA,0.001,89.226
WAVA,0.001,89.228
VANETTA,0.001,89.229
TORRIE,0.001,89.23
TASHINA,0.001,89.231
TANDY,0.001,89.232
TAMBRA,0.001,89.233
TAMA,0.001,89.235
STEPANIE,0.001,89.236
SHILA,0.001,89.237
SHAUNTA,0.001,89.238
SHARAN,0.001,89.239
SHANIQUA,0.001,89.241
SHAE,0.001,89.242
SETSUKO,0.001,89.243
SERAFINA,0.001,89.244
SANDEE,0.001,89.245
ROSAMARIA,0.001,89.247
PRISCILA,0.001,89.248
OLINDA,0.001,89.249
NADENE,0.001,89.25
MUOI,0.001,89.251
MICHELINA,0.001,89.253
MERCEDEZ,0.001,89.254
MARYROSE,0.001,89.255
MARIN,0.001,89.256
MARCENE,0.001,89.257
MAO,0.001,89.259
MAGALI,0.001,89.26
MAFALDA,0.001,89.261
LOGAN,0.001,89.262
LINN,0.001,89.263
LANNIE,0.001,89.265
KAYCE,0.001,89.266
KAROLINE,0.001,89.267
KAMILAH,0.001,89.268
KAMALA,0.001,89.269
JUSTA,0.001,89.27
JOLINE,0.001,89.272
JENNINE,0.001,89.273
JACQUETTA,0.001,89.274
IRAIDA,0.001,89.275
GERALD,0.001,89.276
GEORGEANNA,0.001,89.278
FRANCHESCA,0.001,89.279
FAIRY,0.001,89.28
EMELINE,0.001,89.281
ELANE,0.001,89.282
EHTEL,0.001,89.284
EARLIE,0.001,89.285
DULCIE,0.001,89.286
DALENE,0.001,89.287
CRIS,0.001,89.288
CLASSIE,0.001,89.29
CHERE,0.001,89.291
CHARIS,0.001,89.292
CAROYLN,0.001,89.293
CARMINA,0.001,89.294
CARITA,0.001,89.296
BRIAN,0.001,89.297
BETHANIE,0.001,89.298
AYAKO,0.001,89.299
ARICA,0.001,89.3
AN,0.001,89.301
ALYSA,0.001,89.303
ALESSANDRA,0.001,89.304
AKILAH,0.001,89.305
ADRIEN,0.001,89.306
ZETTA,0.001,89.307
YOULANDA,0.001,89.309
YELENA,0.001,89.31
YAHAIRA,0.001,89.311
XUAN,0.001,89.312
WENDOLYN,0.001,89.313
VICTOR,0.001,89.314
TIJUANA,0.001,89.316
TERRELL,0.001,89.317
TERINA,0.001,89.318
TERESIA,0.001,89.319
SUZI,0.001,89.32
SUNDAY,0.001,89.321
SHERELL,0.001,89.323
SHAVONDA,0.001,89.324
SHAUNTE,0.001,89.325
SHARDA,0.001,89.326
SHAKITA,0.001,89.327
SENA,0.001,89.328
RYANN,0.001,89.33
RUBI,0.001,89.331
RIVA,0.001,89.332
REGINIA,0.001,89.333
REA,0.001,89.334
RACHAL,0.001,89.335
PARTHENIA,0.001,89.336
PAMULA,0.001,89.338
MONNIE,0.001,89.339
MONET,0.001,89.34
MICHAELE,0.001,89.341
MELIA,0.001,89.342
MARINE,0.001,89.343
MALKA,0.001,89.345
MAISHA,0.001,89.346
LISANDRA,0.001,89.347
LEO,0.001,89.348
LEKISHA,0.001,89.349
LEAN,0.001,89.35
LAURENCE,0.001,89.352
LAKENDRA,0.001,89.353
KRYSTIN,0.001,89.354
KORTNEY,0.001,89.355
KIZZIE,0.001,89.356
KITTIE,0.001,89.357
KERA,0.001,89.359
KENDAL,0.001,89.36
KEMBERLY,0.001,89.361
KANISHA,0.001,89.362
JULENE,0.001,89.363
JULE,0.001,89.364
JOSHUA,0.001,89.366
JOHANNE,0.001,89.367
JEFFREY,0.001,89.368
JAMEE,0.001,89.369
HAN,0.001,89.37
HALLEY,0.001,89.371
GIDGET,0.001,89.373
GALINA,0.001,89.374
FREDRICKA,0.001,89.375
FLETA,0.001,89.376
FATIMAH,0.001,89.377
EUSEBIA,0.001,89.378
ELZA,0.001,89.379
ELEONORE,0.001,89.381
DORTHEY,0.001,89.382
DORIA,0.001,89.383
DONELLA,0.001,89.384
DINORAH,0.001,89.385
DELORSE,0.001,89.386
CLARETHA,0.001,89.388
CHRISTINIA,0.001,89.389
CHARLYN,0.001,89.39
BONG,0.001,89.391
BELKIS,0.001,89.392
AZZIE,0.001,89.393
ANDERA,0.001,89.395
AIKO,0.001,89.396
ADENA,0.001,89.397
YER,0.001,89.398
YAJAIRA,0.001,89.399
WAN,0.001,89.4
VANIA,0.001,89.401
ULRIKE,0.001,89.403
TOSHIA,0.001,89.404
TIFANY,0.001,89.405
STEFANY,0.001,89.406
SHIZUE,0.001,89.407
SHENIKA,0.001,89.408
SHAWANNA,0.001,89.409
SHAROLYN,0.001,89.41
SHARILYN,0.001,89.412
SHAQUANA,0.001,89.413
SHANTAY,0.001,89.414
SEE,0.001,89.415
ROZANNE,0.001,89.416
ROSELEE,0.001,89.417
RICKIE,0.001,89.418
REMONA,0.001,89.42
REANNA,0.001,89.421
RAELENE,0.001,89.422
QUINN,0.001,89.423
PHUNG,0.001,89.424
PETRONILA,0.001,89.425
NATACHA,0.001,89.426
NANCEY,0.001,89.427
MYRL,0.001,89.429
MIYOKO,0.001,89.43
MIESHA,0.001,89.431
MERIDETH,0.001,89.432
MARVELLA,0.001,89.433
MARQUITTA,0.001,89.434
MARHTA,0.001,89.435
MARCHELLE,0.001,89.436
LIZETH,0.001,89.438
LIBBIE,0.001,89.439
LAHOMA,0.001,89.44
LADAWN,0.001,89.441
KINA,0.001,89.442
KATHELEEN,0.001,89.443
KATHARYN,0.001,89.444
KARISA,0.001,89.446
KALEIGH,0.001,89.447
JUNIE,0.001,89.448
JULIEANN,0.001,89.449
JOHNSIE,0.001,89.45
JANEAN,0.001,89.451
JAIMEE,0.001,89.452
JACKQUELINE,0.001,89.453
HISAKO,0.001,89.455
HERMA,0.001,89.456
HELAINE,0.001,89.457
GWYNETH,0.001,89.458
GLENN,0.001,89.459
GITA,0.001,89.46
EUSTOLIA,0.001,89.461
EMELINA,0.001,89.462
ELIN,0.001,89.464
EDRIS,0.001,89.465
DONNETTE,0.001,89.466
DONNETTA,0.001,89.467
DIERDRE,0.001,89.468
DENAE,0.001,89.469
DARCEL,0.001,89.47
CLAUDE,0.001,89.472
CLARISA,0.001,89.473
CINDERELLA,0.001,89.474
CHIA,0.001,89.475
CHARLESETTA,0.001,89.476
CHARITA,0.001,89.477
CELSA,0.001,89.478
CASSY,0.001,89.479
CASSI,0.001,89.481
CARLEE,0.001,89.482
BRUNA,0.001,89.483
BRITTANEY,0.001,89.484
BRANDE,0.001,89.485
BILLI,0.001,89.486
BAO,0.001,89.487
ANTONETTA,0.001,89.488
ANGLA,0.001,89.49
ANGELYN,0.001,89.491
ANALISA,0.001,89.492
ALANE,0.001,89.493
WENONA,0.001,89.494
WENDIE,0.001,89.495
VERONIQUE,0.001,89.496
VANNESA,0.001,89.497
TOBIE,0.001,89.498
TEMPIE,0.001,89.5
SUMIKO,0.001,89.501
SULEMA,0.001,89.502
SPARKLE,0.001,89.503
SOMER,0.001,89.504
SHEBA,0.001,89.505
SHAYNE,0.001,89.506
SHARICE,0.001,89.507
SHANEL,0.001,89.508
SHALON,0.001,89.509
SAGE,0.001,89.511
ROY,0.001,89.512
ROSIO,0.001,89.513
ROSELIA,0.001,89.514
RENAY,0.001,89.515
REMA,0.001,89.516
REENA,0.001,89.517
PORSCHE,0.001,89.518
PING,0.001,89.519
PEG,0.001,89.52
OZIE,0.001,89.522
ORETHA,0.001,89.523
ORALEE,0.001,89.524
ODA,0.001,89.525
NU,0.001,89.526
NGAN,0.001,89.527
NAKESHA,0.001,89.528
MILLY,0.001,89.529
MARYBELLE,0.001,89.53
MARLIN,0.001,89.531
MARIS,0.001,89.533
MARGRETT,0.001,89.534
MARAGARET,0.001,89.535
MANIE,0.001,89.536
LURLENE,0.001,89.537
LILLIA,0.001,89.538
LIESELOTTE,0.001,89.539
LAVELLE,0.001,89.54
LASHAUNDA,0.001,89.541
LAKEESHA,0.001,89.542
KEITH,0.001,89.544
KAYCEE,0.001,89.545
KALYN,0.001,89.546
JOYA,0.001,89.547
JOETTE,0.001,89.548
JENAE,0.001,89.549
JANIECE,0.001,89.55
ILLA,0.001,89.551
GRISEL,0.001,89.552
GLAYDS,0.001,89.553
GENEVIE,0.001,89.555
GALA,0.001,89.556
FREDDA,0.001,89.557
FRED,0.001,89.558
ELMER,0.001,89.559
ELEONOR,0.001,89.56
DEBERA,0.001,89.561
DEANDREA,0.001,89.562
DAN,0.001,89.563
CORRINNE,0.001,89.564
CORDIA,0.001,89.566
CONTESSA,0.001,89.567
COLENE,0.001,89.568
CLEOTILDE,0.001,89.569
CHARLOTT,0.001,89.57
CHANTAY,0.001,89.571
CECILLE,0.001,89.572
BEATRIS,0.001,89.573
AZALEE,0.001,89.574
ARLEAN,0.001,89.575
ARDATH,0.001,89.577
ANJELICA,0.001,89.578
ANJA,0.001,89.579
ALFREDIA,0.001,89.58
ALEISHA,0.001,89.581
ADAM,0.001,89.582
ZADA,0.001,89.583
YUONNE,0.001,89.584
XIAO,0.001,89.585
WILLODEAN,0.001,89.586
WHITLEY,0.001,89.587
VENNIE,0.001,89.588
VANNA,0.001,89.589
TYISHA,0.001,89.591
TOVA,0.001,89.592
TORIE,0.001,89.593
TONISHA,0.001,89.594
TILDA,0.001,89.595
TIEN,0.001,89.596
TEMPLE,0.001,89.597
SIRENA,0.001,89.598
SHERRIL,0.001,89.599
SHANTI,0.001,89.6
SHAN,0.001,89.601
SENAIDA,0.001,89.602
SAMELLA,0.001,89.603
ROBBYN,0.001,89.604
RENDA,0.001,89.606
REITA,0.001,89.607
PHEBE,0.001,89.608
PAULITA,0.001,89.609
NOBUKO,0.001,89.61
NGUYET,0.001,89.611
NEOMI,0.001,89.612
MOON,0.001,89.613
MIKAELA,0.001,89.614
MELANIA,0.001,89.615
MAXIMINA,0.001,89.616
MARG,0.001,89.617
MAISIE,0.001,89.618
LYNNA,0.001,89.619
LILLI,0.001,89.62
LAYNE,0.001,89.622
LASHAUN,0.001,89.623
LAKENYA,0.001,89.624
LAEL,0.001,89.625
KIRSTIE,0.001,89.626
KATHLINE,0.001,89.627
KASHA,0.001,89.628
KARLYN,0.001,89.629
KARIMA,0.001,89.63
JOVAN,0.001,89.631
JOSEFINE,0.001,89.632
JENNELL,0.001,89.633
JACQUI,0.001,89.634
JACKELYN,0.001,89.635
HYO,0.001,89.636
HIEN,0.001,89.638
GRAZYNA,0.001,89.639
FLORRIE,0.001,89.64
FLORIA,0.001,89.641
ELEONORA,0.001,89.642
DWANA,0.001,89.643
DORLA,0.001,89.644
DONG,0.001,89.645
DELMY,0.001,89.646
DEJA,0.001,89.647
DEDE,0.001,89.648
DANN,0.001,89.649
CRYSTA,0.001,89.65
CLELIA,0.001,89.651
CLARIS,0.001,89.652
CLARENCE,0.001,89.654
CHIEKO,0.001,89.655
CHERLYN,0.001,89.656
CHERELLE,0.001,89.657
CHARMAIN,0.001,89.658
CHARA,0.001,89.659
CAMMY,0.001,89.66
BEE,0.001,89.661
ARNETTE,0.001,89.662
ARDELLE,0.001,89.663
ANNIKA,0.001,89.664
AMIEE,0.001,89.665
AMEE,0.001,89.666
ALLENA,0.001,89.667
YVONE,0.001,89.668
YUKI,0.001,89.67
YOSHIE,0.001,89.671
YEVETTE,0.001,89.672
YAEL,0.001,89.673
WILLETTA,0.001,89.674
VONCILE,0.001,89.675
VENETTA,0.001,89.676
TULA,0.001,89.677
TONETTE,0.001,89.678
TIMIKA,0.001,89.679
TEMIKA,0.001,89.68
TELMA,0.001,89.681
TEISHA,0.001,89.682
TAREN,0.001,89.683
TA,0.001,89.684
STACEE,0.001,89.685
SHIN,0.001,89.686
SHAWNTA,0.001,89.687
SATURNINA,0.001,89.688
RICARDA,0.001,89.689
POK,0.001,89.69
PASTY,0.001,89.691
ONIE,0.001,89.692
NUBIA,0.001,89.693
MORA,0.001,89.694
MIKE,0.001,89.695
MARIELLE,0.001,89.696
MARIELLA,0.001,89.697
MARIANELA,0.001,89.699
MARDELL,0.001,89.7
MANY,0.001,89.701
LUANNA,0.001,89.702
LOISE,0.001,89.703
LISABETH,0.001,89.704
LINDSY,0.001,89.705
LILLIANA,0.001,89.706
LILLIAM,0.001,89.707
LELAH,0.001,89.708
LEIGHA,0.001,89.709
LEANORA,0.001,89.71
LANG,0.001,89.711
KRISTEEN,0.001,89.712
KHALILAH,0.001,89.713
KEELEY,0.001,89.714
KANDRA,0.001,89.715
JUNKO,0.001,89.716
JOAQUINA,0.001,89.717
JERLENE,0.001,89.718
JANI,0.001,89.719
JAMIKA,0.001,89.72
JAME,0.001,89.721
HSIU,0.001,89.722
HERMILA,0.001,89.723
GOLDEN,0.001,89.724
GENEVIVE,0.001,89.725
EVIA,0.001,89.727
EUGENA,0.001,89.728
EMMALINE,0.001,89.729
ELFREDA,0.001,89.73
ELENE,0.001,89.731
DONETTE,0.001,89.732
DELCIE,0.001,89.733
DEEANNA,0.001,89.734
DARCEY,0.001,89.735
CUC,0.001,89.736
CLARINDA,0.001,89.737
CIRA,0.001,89.738
CHAE,0.001,89.739
CELINDA,0.001,89.74
CATHERYN,0.001,89.741
CATHERIN,0.001,89.742
CASIMIRA,0.001,89.743
CARMELIA,0.001,89.744
CAMELLIA,0.001,89.745
BREANA,0.001,89.746
BOBETTE,0.001,89.747
BERNARDINA,0.001,89.748
BEBE,0.001,89.749
BASILIA,0.001,89.75
ARLYNE,0.001,89.751
AMAL,0.001,89.752
ALAYNA,0.001,89.753
ZONIA,0.001,89.754
ZENIA,0.001,89.755
YURIKO,0.001,89.756
YAEKO,0.001,89.757
WYNELL,0.001,89.758
WILLOW,0.001,89.759
WILLENA,0.001,89.76
VERNIA,0.001,89.761
TU,0.001,89.762
TRAVIS,0.001,89.764
TORA,0.001,89.765
TERRILYN,0.001,89.766
TERICA,0.001,89.767
TENESHA,0.001,89.768
TAWNA,0.001,89.769
TAJUANA,0.001,89.77
TAINA,0.001,89.771
STEPHNIE,0.001,89.772
SONA,0.001,89.773
SOL,0.001,89.774
SINA,0.001,89.775
SHONDRA,0.001,89.776
SHIZUKO,0.001,89.777
SHERLENE,0.001,89.778
SHERICE,0.001,89.779
SHARIKA,0.001,89.78
ROSSIE,0.001,89.781
ROSENA,0.001,89.782
RORY,0.001,89.783
RIMA,0.001,89.784
RIA,0.001,89.785
RHEBA,0.001,89.786
RENNA,0.001,89.787
PETER,0.001,89.788
NATALYA,0.001,89.789
NANCEE,0.001,89.79
MELODI,0.001,89.791
MEDA,0.001,89.792
MAXIMA,0.001,89.793
MATHA,0.001,89.794
MARKETTA,0.001,89.795
MARICRUZ,0.001,89.796
MARCELENE,0.001,89.797
MALVINA,0.001,89.798
LUBA,0.001,89.799
LOUETTA,0.001,89.8
LEIDA,0.001,89.801
LECIA,0.001,89.802
LAURAN,0.001,89.803
LASHAWNA,0.001,89.804
LAINE,0.001,89.805
KHADIJAH,0.001,89.806
KATERINE,0.001,89.807
KASI,0.001,89.808
KALLIE,0.001,89.809
JULIETTA,0.001,89.81
JESUSITA,0.001,89.811
JESTINE,0.001,89.812
JESSIA,0.001,89.813
JEREMY,0.001,89.814
JEFFIE,0.001,89.815
JANYCE,0.001,89.816
ISADORA,0.001,89.817
GEORGIANNE,0.001,89.818
FIDELIA,0.001,89.819
EVITA,0.001,89.82
EURA,0.001,89.821
EULAH,0.001,89.822
ESTEFANA,0.001,89.823
ELSY,0.001,89.824
ELIZABET,0.001,89.825
ELADIA,0.001,89.826
DODIE,0.001,89.827
DION,0.001,89.828
DIA,0.001,89.829
DENISSE,0.001,89.83
DELORAS,0.001,89.831
DELILA,0.001,89.832
DAYSI,0.001,89.833
DAKOTA,0.001,89.834
CURTIS,0.001,89.835
CRYSTLE,0.001,89.836
CONCHA,0.001,89.837
COLBY,0.001,89.838
CLARETTA,0.001,89.839
CHU,0.001,89.84
CHRISTIA,0.001,89.841
CHARLSIE,0.001,89.842
CHARLENA,0.001,89.843
CARYLON,0.001,89.844
BETTYANN,0.001,89.845
ASLEY,0.001,89.846
ASHLEA,0.001,89.847
AMIRA,0.001,89.848
AI,0.001,89.849
AGUEDA,0.001,89.85
AGNUS,0.001,89.851
YUETTE,0.001,89.852
VINITA,0.001,89.853
VICTORINA,0.001,89.854
TYNISHA,0.001,89.855
TREENA,0.001,89.856
TOCCARA,0.001,89.857
TISH,0.001,89.858
THOMASENA,0.001,89.859
TEGAN,0.001,89.86
SOILA,0.001,89.861
SHILOH,0.001,89.862
SHENNA,0.001,89.863
SHARMAINE,0.001,89.864
SHANTAE,0.001,89.865
SHANDI,0.001,89.866
SEPTEMBER,0.001,89.867
SARAN,0.001,89.867
SARAI,0.001,89.868
SANA,0.001,89.869
SAMUEL,0.001,89.87
SALLEY,0.001,89.871
ROSETTE,0.001,89.872
ROLANDE,0.001,89.873
REGINE,0.001,89.874
OTELIA,0.001,89.875
OSCAR,0.001,89.876
OLEVIA,0.001,89.877
NICHOLLE,0.001,89.878
NECOLE,0.001,89.879
NAIDA,0.001,89.88
MYRTA,0.001,89.881
MYESHA,0.001,89.882
MITSUE,0.001,89.883
MINTA,0.001,89.884
MERTIE,0.001,89.885
MARGY,0.001,89.886
MAHALIA,0.001,89.887
MADALENE,0.001,89.888
LOVE,0.001,89.889
LOURA,0.001,89.89
LOREAN,0.001,89.891
LEWIS,0.001,89.892
LESHA,0.001,89.893
LEONIDA,0.001,89.894
LENITA,0.001,89.895
LAVONE,0.001,89.896
LASHELL,0.001,89.897
LASHANDRA,0.001,89.898
LAMONICA,0.001,89.899
KIMBRA,0.001,89.9
KATHERINA,0.001,89.901
KARRY,0.001,89.902
KANESHA,0.001,89.903
JULIO,0.001,89.903
JONG,0.001,89.904
JENEVA,0.001,89.905
JAQUELYN,0.001,89.906
HWA,0.001,89.907
GILMA,0.001,89.908
GHISLAINE,0.001,89.909
GERTRUDIS,0.001,89.91
FRANSISCA,0.001,89.911
FERMINA,0.001,89.912
ETTIE,0.001,89.913
ETSUKO,0.001,89.914
ELLIS,0.001,89.915
ELLAN,0.001,89.916
ELIDIA,0.001,89.917
EDRA,0.001,89.918
DORETHEA,0.001,89.919
DOREATHA,0.001,89.92
DENYSE,0.001,89.921
DENNY,0.001,89.922
DEETTA,0.001,89.923
DAINE,0.001,89.924
CYRSTAL,0.001,89.925
CORRIN,0.001,89.926
CAYLA,0.001,89.927
CARLITA,0.001,89.928
CAMILA,0.001,89.929
BURMA,0.001,89.93
BULA,0.001,89.931
BUENA,0.001,89.932
BLAKE,0.001,89.933
BARABARA,0.001,89.934
AVRIL,0.001,89.935
AUSTIN,0.001,89.936
ALAINE,0.001,89.937
ZANA,0.001,89.938
WILHEMINA,0.001,89.938
WANETTA,0.001,89.939
VIRGIL,0.001,89.94
VI,0.001,89.941
VERONIKA,0.001,89.942
VERNON,0.001,89.943
VERLINE,0.001,89.944
VASILIKI,0.001,89.945
TONITA,0.001,89.946
TISA,0.001,89.947
TEOFILA,0.001,89.948
TAYNA,0.001,89.949
TAUNYA,0.001,89.95
TANDRA,0.001,89.951
TAKAKO,0.001,89.952
SUNNI,0.001,89.953
SUANNE,0.001,89.954
SIXTA,0.001,89.954
SHARELL,0.001,89.955
SEEMA,0.001,89.956
RUSSELL,0.001,89.957
ROSENDA,0.001,89.958
ROBENA,0.001,89.959
RAYMONDE,0.001,89.96
PEI,0.001,89.961
PAMILA,0.001,89.962
OZELL,0.001,89.963
NEIDA,0.001,89.964
NEELY,0.001,89.965
MISTIE,0.001,89.966
MICHA,0.001,89.967
MERISSA,0.001,89.968
MAURITA,0.001,89.969
MARYLN,0.001,89.97
MARYETTA,0.001,89.971
MARSHALL,0.001,89.971
MARCELL,0.001,89.972
MALENA,0.001,89.973
MAKEDA,0.001,89.974
MADDIE,0.001,89.975
LOVETTA,0.001,89.976
LOURIE,0.001,89.977
LORRINE,0.001,89.978
LORILEE,0.001,89.979
LESTER,0.001,89.98
LAURENA,0.001,89.981
LASHAY,0.001,89.982
LARRAINE,0.001,89.983
LAREE,0.001,89.984
LACRESHA,0.001,89.985
KRISTLE,0.001,89.986
KRISHNA,0.001,89.987
KEVA,0.001,89.987
KEIRA,0.001,89.988
KAROLE,0.001,89.989
JOIE,0.001,89.99
JINNY,0.001,89.991
JEANNETTA,0.001,89.992
JAMA,0.001,89.993
HEIDY,0.001,89.994
GILBERTE,0.001,89.995
GEMA,0.001,89.996
FAVIOLA,0.001,89.997
EVELYNN,0.001,89.998
ENDA,0.001,89.999
ELLI,0.001,90
ELLENA,0.001,90.001
DIVINA,0.001,90.002
DAGNY,0.001,90.003
COLLENE,0.001,90.003
CODI,0.001,90.004
CINDIE,0.001,90.005
CHASSIDY,0.001,90.006
CHASIDY,0.001,90.007
CATRICE,0.001,90.008
CATHERINA,0.001,90.009
CASSEY,0.001,90.01
CAROLL,0.001,90.011
CARLENA,0.001,90.012
CANDRA,0.001,90.013
CALISTA,0.001,90.014
BRYANNA,0.001,90.015
BRITTENY,0.001,90.016
BEULA,0.001,90.017
BARI,0.001,90.018
AUDRIE,0.001,90.019
AUDRIA,0.001,90.019
ARDELIA,0.001,90.02
ANNELLE,0.001,90.021
ANGILA,0.001,90.022
ALONA,0.001,90.023
ALLYN,0.001,90.024